productId,name,template_serial_number,dimensions,description,final_price,category
1,S - 821,,26 x 10 mm,,,
1,S - 822 ALMOHADILLA,,38 x 14 mm,,,
1,S - 822 SELLO,,38 x 14 mm,,,
1,S - 823,,47 x 18 mm,,,
1,S - 824,,58 x 22 mm,,,
1,S - 825,,70 x 25 mm,,,
1,S - 826,,41 x 24 mm,,,
1,S - 827,,50 x 30 mm,,,
1,S - 828,,56 x 33 mm,,,
1,S - 829,,64 x 40 mm,,,
1,S - 830,,75 x 38 mm,,,
1,S - 831,,70 x 10 mm,,,
1,S - 832,,75 x 15 mm,,,
1,S - 833,,82 x 25 mm,,,
1,S - 834,,65 x 30 mm,,,
1,S - 835,,30 x 20 mm,,,
1,S - 836,,45 x 30 mm,,,
1,S - 837,,50 x 40 mm,,,
1,S - 841,,26 x 10 mm,NUEVO,,
1,S - 841L,,30 x 10 mm,NUEVO,,
1,S - 842,,38 x 14 mm,NUEVO,,
1,S - 843,,47 x 18 mm,NUEVO,,
1,S - 844,,58 x 22 mm,NUEVO,,
1,S - 845,,70 x 25 mm,NUEVO,,
1,S - 846,,65 x 27 mm,NUEVO,,
1,S - 308,,45 x 10 mm,,,
1,S - 310,,52 x 13 mm,,,
1,S - 510,,12 x 12 mm,,,
1,S - 520,,20 x 20 mm,,,
1,S - 524,,24 x 24 mm,,,
1,S - 530,,32 x 32 mm,,,
1,S - 542,,42 x 42 mm,,,
1,S - 1822,,38 x 14 mm,PREMIUM,,
1,S - 1823,,47 x 18 mm,PREMIUM,,
1,S - 1824,,58 x 22 mm,PREMIUM,,
1,S - 1825,,70 x 25 mm,PREMIUM,,
,,,,,,
2,SN - 822,,38 x 14 mm,,,
2,SN - 823,,47 x 18 mm,,,
2,SN - 824,,58 x 22 mm,,,
,,,,,,
3,SO - 3045,,30 x 45,,,
3,SO - 3555,,35 x 55,,,
3,SO - 3045,,30 x 45,FECHADOR,,
3,SO - 3555 D,,35 x 55,FECHADOR,,
,,,,,,
4,S - 826 D,,41 x 24 mm,,,
4,S - 827 D,,50 x 30 mm,,,
4,S - 828 D,,56 x 33 mm,,,
4,S - 829 D,,64 x 40 mm,,,
4,S - 830 D,,75 x 38 mm,,,
4,S - 830 DD,,75 x 38 mm,,,
4,S - 830 DN,,75 x 38 mm,FECHA Y NUMERADOR,,
4,S - 834 D,,65 x 30 mm,,,
4,S - 835 D,,30 x 20 mm,,,
4,S - 836 D,,45 x 30 mm,,,
4,S - 837 D,,50 x 40 mm,,,
4,S - 524 D,,24 x 24 mm,,,
4,S - 530 D,,32 x 32 mm,,,
4,S - 542 D,,42 x 42 mm,,,
,,,,,,
5,R - 512,,12 mm,,,
5,R - 517,,17 mm,,,
5,R - 524,,24 mm,,,
5,R - 532,,32 mm,,,
5,R - 538,,38 mm,,,
5,R - 542,,42 mm,,,
5,R - 552,,52 mm,,,
,,,,,,
6,R -  524 D,,24 mm,,,
6,R - 532 D,,32 mm,,,
6,R - 538 D,,38 mm,,,
6,R - 542 D,,42 mm,,,
6,R - 542 D-T,,41 mm,24 hrs,,
6,R - 552 D,,52 mm,,,
6,R - 546 D,,,,,
,,,,,,
7,S - 401 ES,,,,,
7,S - 300,,,MINI FECHA,,
7,S -301,,,CON 4 TE x TOS,,
7,S -303,,,CON 4 TE x TOS,,
7,S - 400,,,,,
7,S - 409,,4 mm,CON 6 BANDAS,,
7,S - 449,,4 mm,CON 9 BANDAS,,
7,S - 401,,,CON PAGADO,,
7,S - 402,,,CON RECIBIDO,,
7,S - 310 A,,49  x  5 mm,DOBLE FECHA CON PLACA,,
7,S - 310 B,,,FECHADOR NUMERADOR C/PLACA,,
7,S - 310 C,,,NUMERADOR CON 13 BANDAS C/PLACA,,
7,S - 311,,,DOBLE FECHA,,
7,S - 312,,,CON 12 LEYENDAS,,
7,S - 313,,,NUMERADOR CON 13 BANDAS AUTOENT,,
7,S - 314,,25  x  10 mm,CON PLACA,,
,,,,,,
8,SQ12,,12 mm,,,
8,SQ17,,17 mm,,,
8,SQ24,,24 mm,,,
8,SQ32,,32 mm,,,
8,SQ42,,42 mm,,,
8,S - 722,,38 x 14 mm,,,
8,S-  723,,47 x 18 mm,,,
8,S - 724 - 7,,25 x 58 mm,,,
,,,,,,
9,H 6103,,50  x  30 mm,,,
9,H 6105,,45  x  45 mm,,,
9,H 6106,,56  x  33 mm,,,
9,H 6107,,60  x  40 mm,,,
9,H 6108,,68  x  47 mm,,,
9,H 6416,,4 mm,16 BANDAS METALICO,,
9,H 6446 / PL,,5 mm,NUMERADOR C/PLACA,,
9,H 6510 / PL,,5 mm,NUMERADOR C/PLACA 10,,
,,,,,,
10,E-900,,41 x 24 mm,,,
10,E-905,,45 x 45 mm,,,
10,E -907,,60 x 40 mm,,,
10,E -908,,68 x 47 mm,TARJETERO 6,,
,,,,,,
11,E - 913,,50 X 30 mm,,,
11,E - 915,,45 X 45 mm,,,
11,E - 916,,56 X 33 mm,,,
11,E- 917,,60 X 40 mm,,,
11,E - 918,,68 X 47 mm,,,
11,E - 918 / DR,,68 X 47 mm,FECHA A LA DERECHA,,
11,E - 918,,68 X 47 mm,FECHADOR y NUM.,,
11,E - 946/PL,,,6 BANDAS CON PLACA,,
11,E - 958,,5 mm,8 BANDAS,,
11,E - 9510,,5 mm,10 BANDAS,,
11,E - 9510 PL,,5 mm,10 BANDAS,,
,,,,,,
12,SE - 3914,,39 X 14 mm,,,
12,SE - 4425,,44 X 25 mm,,,
12,SE - 5020,,50 X 20 mm,,,
12,SE - 6035,,60 X 35 mm,,,
12,SE - 6322,,63 x 22 mm,,,
12,SE - 7030,,70 X 30 mm,,,
12,SE - 0033,,33 mm,,,
12,SE - 0043,,43 mm,,,
12,EL42,,42 mm,,,
,,,,,,
13,SP - 006,,39 X 14 mm,,,
13,SP - 201,,39 X 14 mm,,,
13,SP - 202,,39 X 14 mm,,,
13,SP - 125,,39 X 14 mm,,,
13,SP - 114,,39 X 14 mm,,,
,,,,,,
14,HS-004,,,,,
14,HS-005,,,,,
14,HS-008,,,,,
14,HS-009,,,,,
14,HS-013,,,,,
14,HS-014,,,,,
,,,,,,
15,S -772,,38x14mm,TIPO 3.5 mm,,
15,S -773,,47x18mm,TIPO 3.5 mm,,
15,S -200,,,TIPO 4 y 5 mm PRINTING KIT,,
15,S -600,,,"CON TIPO 3, 4 Y 5mm",,
15,S -800,,47X18 mm,4 LINEAS,,
15,S -882,,38 X 14 mm,,,
15,S -884,,58 X 22 mm,,,
15,S - 887D,,50 X 33 mm,,,
15,S - 889D,,64 X 40 mm,,,
,,,,,,
16,S - 623,,3 mm,SET DE LETRAS,,
16,S - 624,,4 mm,SET DE LETRAS,,
16,S - 625,,5 mm,SET DE LETRAS,,
16,S - 626,,6 mm,SET DE LETRAS,,
16,S - 627,,7 mm,SET DE LETRAS,,
,,,,,,
17,S - 3200-2,,41 mm,,,
17,S - 3600-3,,40 X 55 mm,,,
17,S - 3600-5,,50 X 70 mm,,,
17,S - 3600-6,,51 mm,,,
17,S - 3600-7,,51 X 51 mm,,,
17,S - 3624,,,CON RELOJ 24 HRS.,,
,,,,,,
18,FECHADOR D - 5,,3 mm,,,
18,FECHADOR D - 4,,4 mm,,,
18,FECHADOR D - 3,,5 mm,,,
,,,,,,
19,N - 56,,3 mm,6 BANDAS,,
19,N- 58,,3 mm,18 BANDAS,,
19,N - 46,,4 mm,16 BANDAS,,
19,N - 48,,4 mm,18 BANDAS,,
19,N - 36,,5 mm,6 BANDAS,,
19,N -38,,5 mm,8 BANDAS,,
19,N-26,,7 mm,6 BANDAS,,
19,N- 28,,7 mm,8 BANDAS,,
,,,,,,
20,N - 110,,9 mm,10 BANDAS,,
20,N -06,,11 mm,6 BANDAS,,
20,N - A6,,15 mm,6 BANDAS,,
20,N - A81,,15 mm,8 BANDAS,,
20,N - 310 A,,5 mm,A-My N-Z 10 BANDAS,,
,,,,,,
21,S-68,,,GOMA PAGADO,,
21,S-70,,,SELLO FECHADOR C/11 LEYENDAS,,
21,S-76,,,SELLO MANUAL 12 LEYENDAS,,
21,S -76,,,SELLO CON LEYENDA FISCAL O DIDACTICO,,
,,,,,,
22,SM - 1,,65 X 45 mm,,,
22,SM - 2,,40 mm,,,
,,,,,,
23,TINTA PARA SELLOS COLOR 28 ml.,,,,,
23,TINTA PARA SELLOS COLORES SR1 AL SR7,,,,,
23,TINTA PARA SELLOS EMINNENT,,,,,
,,,,,,
24,COJIN S-821,,,,,
24,COJIN S-822,,,,,
24,COJIN S-822,,,DOS TINTAS,,
24,COJIN S - 822,,,NEUTRO,,
24,COJIN S-823,,,,,
24,COJIN S-823,,,DOS TINTAS,,
24,COJIN S-823,,,NEUTRO,,
24,COJIN S-824,,,,,
24,COJIN S-824,,,DOS TINTAS,,
24,COJIN S -824,,,NEUTRO,,
24,COJIN S-825,,,,,
24,COJIN S-825,,,DOS TINTAS,,
24,COJIN S-825,,,NEUTRO,,
24,COJIN S-826,,,,,
24,COJIN S - 826,,,DATER,,
,,,,,,
25,COJIN S-827,,,,,
25,COJIN S-827,,,DATER,,
25,COJIN S-828,,,,,
25,COJIN S-828,,,DATER,,
25,COJIN S-829,,,,,
25,COJIN S-829,,,DATER,,
25,COJIN S-829,,,DOS TINTAS,,
25,COJIN S-830,,,,,
25,COJIN S-830,,,NEUTRO,,
25,COJIN S-830,,,DATER,,
25,COJIN S-830,,,DOS TINTAS,,
25,COJIN S-831,,,,,
25,COJIN S-832,,,,,
25,COJIN S-833,,,,,
25,COJIN S-834,,,,,
25,COJIN S-834,,,DATER,,
25,COJIN S-835,,,,,
25,COJIN S-835,,,DATER,,
25,COJIN S-836,,,,,
25,COJIN S-836,,,DATER,,
25,COJIN S-837,,,,,
25,COJIN S-837,,,DATER,,
25,COJIN S-1821,,,,,
25,COJIN S-1822,,,,,
25,COJIN S-1823,,,,,
,,,,,,
26,COJIN S-1824,,,,,
26,COJIN S-1825,,,,,
26,COJIN R 512,,,,,
26,COJIN R 517,,,,,
26,COJIN R 524,,,,,
26,COJIN R 532,,,,,
26,COJIN R 532- D,,,,,
26,COJIN R 538,,,,,
26,COJIN R 538- D,,,,,
26,COJIN R 542,,,,,
26,COJIN R - 542 - D,,,,,
26,COJIN R-552,,,,,
26,COJIN R-552 D,,,,,
26,COJIN S-510,,,,,
26,COJIN S-520,,,,,
26,COJIN S-524,,,,,
26,COJIN S-530,,,,,
26,COJIN S-530D,,,,,
26,COJIN S-542,,,,,
26,COJIN S-542D,,,,,
26,COJIN S-542,,,DOS TINTAS,,
26,COJIN S-400-7,,,"PARA SELLOS S400, S409, S449",,
26,COJIN S-400-7 D,,,"PARA SELLOS S401, S402",,
26,COJIN S-308,,,,,
26,COJIN S-311,,,"PARA S-310,S-311,S-314",,
26,COJIN S - 722,,,,,
26,COJIN S -723,,,,,
26,COJIN S -905,,,,,
26,COJIN S - 906,,,,,
26,COJIN S -907,,,,,
26,COJIN S - 908,,,,,
26,COJIN S-913,,,BICOLOR,,
26,COJIN S - 915,,,,,
26,COJIN S-916,,,BICOLOR,,
26,COJIN S -917,,,,,
26,COJIN S-918,,,BICOLOR,,
26,COJIN S-Q 32,,,,,
26,COJIN S-Q 42,,,,,
,,,,,,
27,S - 2HF,,88 X 57 mm,COJIN PARA SELLO,,
27,S - 2HF/S,,88 X 57 mm,COJIN SIN TINTA,,
27,S-3HF,,110 X 70 mm,COJIN PARA SELLO,,
27,SP 3HF,,110 X 70 mm,COJIN PARA SELLO SIN TINTA,,
27,S -4F,,178 X 128 mm,COJIN PARA SELLO,,
,,,,,,
28,GOMA LASER ROJA,,29.7 X 21 cm,LIBRE DE OLOR,,
28,GOMA LASER GRIS,,21 X 30 cm,,,
,,,,,,
29,3913 PRINTY LITTLE FELL AZUL C.N 58x22mm,60326,,Little fellow,185.51,"Texto , Printy , 3913"
29,3913 PRINTY LITTLE FELL ROJO C.N 58x22mm,60283,,Little fellow,185.51,"Texto , Printy , 3913"
29,43132 PRINTY FECH 3.0 ROJO 32x32mm 56789,73000162,,,850.4,"Texto , Printy , 43132 , 3"
29,4642 PRINTY 4.0 AZUL CIELO C.NEGRO 42mm,166970,,,504.63,"Texto , Printy , 4642 , 4"
29,4642 PRINTY 4.0 C. GRIS C. NEGRO 42mm,167053,,,504.63,"Texto , Printy , 4642 , 4"
29,4642 PRINTY 4.0 C. NEGRO C. NEGRO 42mm,166684,,,504.63,"Texto , Printy , 4642 , 4"
29,4642 PRINTY 4.0 C. ROJO C. NEGRO 42mm,167322,,,504.63,"Texto , Printy , 4642 , 4"
29,4645 PRINTY 4.0 C. AZUL C. NEGRO 45mm,171372,,,518.36,"Texto , Printy , 4645 , 4"
29,4645 PRINTY 4.0 C. NEGRO C. NEGRO 45mm,171327,,,10,"Texto , Printy , 4645 , 4"
29,4645 PRINTY 4.0 C. GRIS C. NEGRO 45mm,171469,,,518.36,"Texto , Printy , 4645 , 4"
29,4645 PRINTY 4.0 C. ROJO C. NEGRO 45mm,171416,,,518.36,"Texto , Printy , 4645 , 4"
29,4822 PRINTY FORMU TEXTO 4.0 NEG C.N 4mm,74032,,Formulario,424.05,"Texto , Printy , 4822"
29,4908 PRINTY 3.0 NEGRO C. NEGRO 15x07mm,99519,,,251.34,"Texto , Printy , 4908 , 3"
29,4908 PRINTY 3.0 C. ROJO C. NEGRO 15x07mm,3525,,,251.34,"Texto , Printy , 4908 , 3"
29,4908 PRINTY 3.0 AMARILLO C.NEGRO 15x07mm,73000172,,,251.34,"Texto , Printy , 4908 , 3"
29,4910 PRINTY 4.0 CREMA PASTEL C.NEG26x9mm,180317,,,271.94,"Texto , Printy , 4910 , 4"
29,4910 IDEAL 2.0 C. AZULC. NEGRO 27x19mm,202650,,,133.66,"Texto , Ideal , 4910 , 2"
29,4910 IDEAL 2.0 C. NEGRO C. NEGRO 27x19mm,202647,,,133.66,"Texto , Ideal , 4910 , 2"
29,4910 IDEAL 2.0 C. ROJO C. NEGRO 27x19mm,202673,,,133.66,"Texto , Ideal , 4910 , 2"
29,4910 PRINTY 4.0 C.AZUL PASTEL C.N 26x9mm,180316,,,271.94,"Texto , Printy , 4910 , 4"
29,4910 PRINTY 4.0 ROSA PASTEL C.NEG 26x9mm,180314,,,271.94,"Texto , Printy , 4910 , 4"
29,4910 PRINTY 4.0 VERDE PASTEL C.N 26x9mm,180313,,,271.94,"Texto , Printy , 4910 , 4"
29,4911 IDEAL 2.0 C. NEGRO C. NEGRO 38x14mm,202676,,,142.73,"Texto , Ideal , 4911 , 2"
29,4911 IDEAL 2.0 C.ROJO C.NEGRO 38x14mm,202682,,,142.73,"Texto , Ideal , 4911 , 2"
29,4911 PRINTY 4.0 ROJO C.N 38x14mm S/TAPA,43086,,,232.34,"Texto , Printy , 4911 , 4"
29,4911 IDEAL 2.0 C.AZUL C.NEGRO 38x14mm,202679,,,142.73,"Texto , Ideal , 4911 , 2"
29,4911 PRINTY 4.0 AZUL PASTEL C.N 38x14mm,155405,,,290.42,"Texto , Printy , 4911 , 4"
29,4911 PRINTY 4.0 CREMA PASTEL C.N 38x14mm,155407,,,290.42,"Texto , Printy , 4911 , 4"
29,4911 PRINTY 4.0 ROSA PASTEL C.N 38x14mm,155409,,,290.42,"Texto , Printy , 4911 , 4"
29,4911 PRINTY 4.0 VERDE PASTEL C.N 38x14mm,155408,,,290.42,"Texto , Printy , 4911 , 4"
29,4912 IDEAL 2.0 C. ROJO C. NEGRO 47x18mm,202691,,,174.35,"Texto , Ideal , 4912 , 2"
29,4912 IDEAL 2.0 C. NEGRO C. NEGRO 47x18mm,202685,,,174.35,"Texto , Ideal , 4912 , 2"
29,4912 PRINTY 2.0 C.ROJO C.NEGRO 47x18mm,61826,,,174.35,"Texto , Printy , 4912 , 2"
29,4912 PRINTY 2.0 C.ROJO SIN CARTU 47x18mm,152912,,,103.96,"Texto , Printy , 4912 , 2"
29,4912 PRINTY P DATOS 4.0 C.G C.N 47x18mm,73000174,,,408.32,"Texto , Printy , 4912 , 4"
29,4912 PRINTY 4.0 AZUL PASTEL C.N 47x18mm,180276,,,354.82,"Texto , Printy , 4912 , 4"
29,4912 PRINTY 4.0 CREMA PASTEL C.N 47x18mm,180274,,,354.82,"Texto , Printy , 4912 , 4"
29,4912 PRINTY 4.0 ROSA PASTEL C.N 47x18mm,180277,,,354.82,"Texto , Printy , 4912 , 4"
29,4912 PRINTY 4.0 VERDE PASTEL C.N 47x18mm,180275,,,354.82,"Texto , Printy , 4912 , 4"
29,4913 PRINTY 4.0 AZUL PASTEL C.N 58x22mm,180445,,,425.26,"Texto , Printy , 4913 , 4"
29,4913 PRINTY 4.0 CREMA PASTEL C.N 58x22mm,180446,,,425.26,"Texto , Printy , 4913 , 4"
29,4913 IDEAL 2.0 C. NEGRO C. NEGRO 58x22mm,202694,,,198.36,"Texto , Ideal , 4913 , 2"
29,4913 PRINTY 2.0 AZUL S/CARTUCHO 58x22mm,152914,,,198.36,"Texto , Printy , 4913 , 2"
29,4913 PRINTY 2.0 NEGRO S/CARTUCHO 58x22mm,152913,,,198.36,"Texto , Printy , 4913 , 2"
29,4913 PRINTY 2.0 ROJO S/CARTUCHO 58x22mm,152915,,,198.36,"Texto , Printy , 4913 , 2"
29,4913 PRINTY 4.0 ROSA PASTEL C.N 58x22mm,180448,,,425.26,"Texto , Printy , 4913 , 4"
29,4913 PRINTY 4.0 VERDE PASTEL C.N 58x22mm,180447,,,425.26,"Texto , Printy , 4913 , 4"
29,4914 PRINTY 4.0 AZUL PASTEL C.N 64x26mm,189294,,,530.39,"Texto , Printy , 4914 , 4"
29,4914 PRINTY 4.0 CREMA PASTEL C.N 64x26mm,189277,,,530.39,"Texto , Printy , 4914 , 4"
29,4914 PRINTY 4.0 ROSA PASTEL C.N 64x26mm,189280,,,530.39,"Texto , Printy , 4914 , 4"
29,4914 PRINTY 4.0 VERDE PASTEL C.N 64x26mm,189293,,,530.39,"Texto , Printy , 4914 , 4"
29,4915 PRINTY 4.0 AZUL PASTEL C.N 70x25mm,189328,,,550.53,"Texto , Printy , 4915 , 4"
29,4915 PRINTY 4.0 CREMA PASTEL C.N 70x25mm,189325,,,550.53,"Texto , Printy , 4915 , 4"
29,4915 PRINTY 2.0 NEGRO SIN CART 70x25mm,153886,,,294.61,"Texto , Printy , 4915 , 2"
29,4915 PRINTY 2.0 C. ROJO C. NEGRO 70x25mm,118349,,,294.61,"Texto , Printy , 4915 , 2"
29,4915 PRINTY 4.0 ROSA PASTEL C.N 70x25mm,189326,,,550.53,"Texto , Printy , 4915 , 4"
29,4915 PRINTY 4.0 VERDE PASTEL C.N 70x25mm,189327,,,550.53,"Texto , Printy , 4915 , 4"
29,4916 PRINTY 2.0 C.NEGRO C.NEGRO 70x10mm,72642,,,497.31,"Texto , Printy , 4916 , 2"
29,4924 PRINTY 4.0 C.NEGRO C.NEGRO 40x40mm,176685,,,657.48,"Texto , Printy , 4924 , 4"
29,4924 PRINTY 2.0 C.NEGRO C.NEGRO 40x40mm,177194,,,,"Texto , Printy , 4924 , 2"
29,4926 PRINTY 4.0 C. AZUL C. NEGRO 75x38mm,166366,,,601.65,"Texto , Printy , 4926 , 4"
29,4926 PRINTY 4.0 C. GRIS C. NEGRO 75x38mm,166324,,,601.65,"Texto , Printy , 4926 , 4"
29,4926 PRINTY 4.0 C.NEGRO C.NEGRO 75x38mm,165872,,,601.65,"Texto , Printy , 4926 , 4"
29,4926 PRINTY 4.0 C. ROJO C. NEGRO 75x38mm,166367,,,601.65,"Texto , Printy , 4926 , 4"
29,4926 PRINTY 2.0 C.NEGRO C.NEGRO 75x38mm,166990,,,388.51,"Texto , Printy , 4926 , 2"
29,4927 PRINTY 4.0 C.NEGRO C.NEGRO 60x40mm,187447,,,592.93,"Texto , Printy , 4927 , 4"
29,4927 PRINTY 4.0 C. ROJO C. NEGRO 60x40mm,187936,,,592.93,"Texto , Printy , 4927 , 4"
29,4941 PRINTY 4.0 C.NEGRO C.NEGRO 41x24mm,139924,,,611.57,"Texto , Printy , 4941 , 4"
29,5200 PROF 4.0 METAL C.NEGRO 41x24mm,121366,,,1345.58,"Texto , Professional , 5200 , 4"
29,5203 PROFESSIONAL 3.0 NEG C.NEG 49x28mm,74277,,,1584.58,"Texto , Professional , 5203 , 3"
29,5203 PROF 4.0 METAL C. NEGRO 49x28mm,120074,,,1584.58,"Texto , Professional , 5203 , 4"
29,5204 PROF 4.0 METAL C. NEGRO 56x26mm,119718,,,1786.17,"Texto , Professional , 5204 , 4"
29,52045 PROF 4.0 METAL C. NEGRO 45mm,150746,,,1953.58,"Texto , Professional , 52045 , 4"
29,5206 PROF 4.0 METAL C. NEGRO 56x33mm,119722,,,1863.78,"Texto , Professional , 5206 , 4"
29,5208 PROF 4.0 METAL C.NEGRO 68x47mm,140270,,,2502.86,"Texto , Professional , 5208 , 4"
29,5212 PROF 3.0 NEGRO C.NEGRO 116x70mm,103267,,,5017.73,"Texto , Professional , 5212 , 3"
29,5253/DB PROF TYPO 4.0 METAL C.N 49x28mm,120453,,,3148.04,"Texto , Professional , 5253/DB , 4"
29,5274 PROF 4.0 METAL C.NEGRO 60x40mm,140268,,,1822.14,"Texto , Professional , 5274 , 4"
29,4907 PRINTY 4.0 NEGRO C.NEGRO 13x06mm,73000171,,,271.65,"Texto , Printy , 4907 , 4"
29,8910 IMPRINT 111430 AZUL C.NEGRO 26x9mm,73000067,,Imprint,184.91,"Texto , Imprint , 8910"
29,8910 IMPRINT 111180 NEGRO C.NEGRO 26x9mm,73000066,,Imprint,184.91,"Texto , Imprint , 8910"
29,8910 IMPRINT 111258 ROJO C.NEGRO 26x9mm,73000068,,Imprint,184.91,"Texto , Imprint , 8910"
29,8913 IMPRINT (111383) C.NEG C.N 58x22mm,73000072,,Imprint,276.6,"Texto , Imprint , 8913"
29,8913 IMPRINT (111508) ROJO C.NEG 58x22mm,73000073,,Imprint,276.6,"Texto , Imprint , 8913"
29,9342 MICRO PRINTY 4.0 C.ROJO CNEGRO 42mm,158843,,Micro,369.86,"Texto , Printy , 9342"
29,9511 EXHIBIDOR POCKET (8 SELLOS),148684,,Pocket,1949.04,"Texto , Printy , 9511"
29,9511 POCKET PRINTY AZUL C.NEGRO 38x14mm,148735,,Pocket,251.16,"Texto , Printy , 9511"
29,9511 POCKET PRINTY BLANCO C.NEG 38x14mm,148737,,Pocket,251.16,"Texto , Printy , 9511"
29,9511 POCKET PRINTY C.NEG C.NEG 38x14mm,148636,,Pocket,251.16,"Texto , Printy , 9511"
29,9511 POCKET PRINTY PLATA C.NEGRO 38x14mm,148842,,Pocket,251.16,"Texto , Printy , 9511"
29,9511 POCKET PRINTY ROJO C.NEGRO 38x14mm,148739,,Pocket,251.16,"Texto , Printy , 9511"
29,9511 POCKET P. ROSA FUCSIA C.N 38x14mm,148751,,Pocket,251.16,"Texto , Printy , 9511"
29,9511 POCKET P. ROSA/TURQUESA C.N 38x14mm,148755,,Pocket,251.16,"Texto , Printy , 9511"
29,9511 POCKET PRINTY VERDE MAN C.N 38x14mm,148840,,Pocket,251.16,"Texto , Printy , 9511"
29,9512 EXHIBIDOR POCKET (8 SELLOS),148859,,Pocket,2338.61,"Texto , Printy , 9512"
29,9512 POCKET PRINTY AZUL C.NEGRO 47x18mm,148920,,Pocket,301.37,"Texto , Printy , 9512"
29,9512 POCKET PRINTY BLANCO C.NEG 47x18mm,148997,,Pocket,301.37,"Texto , Printy , 9512"
29,9512 POCKET PRINTY NEGRO C.NEG 47x18mm,148858,,Pocket,301.37,"Texto , Printy , 9512"
29,9512 POCKET PRINTY PLATA C.NEG 47x18mm,149204,,Pocket,301.37,"Texto , Printy , 9512"
29,9512 POCKET PRINTY ROJO C.NEGRO 47x18mm,149168,,Pocket,301.37,"Texto , Printy , 9512"
29,9512 POCKET P. ROSA FUCSIA C.N 47x18mm,149192,,Pocket,301.37,"Texto , Printy , 9512"
29,9512 POCKET P. ROSA/TURQUESA C.N 47x18mm,149196,,Pocket,301.37,"Texto , Printy , 9512"
29,9512 POCKET PRINTY VERDE MAN C.N 47x18mm,149200,,Pocket,301.37,"Texto , Printy , 9512"
29,9512 POCKET P. TYPO AZUL C.ROJO 49x28mm,151772,,Pocket,641.23,"Texto , Printy , 9512"
29,9512 POCKET P. TYPO AZUL C.AZUL 47x18mm,151773,,Pocket,641.23,"Texto , Printy , 9512"
29,26497 DELRIN BLANCO 279mmx305mm,26497,,Insumo,1791.58,"Texto , 26497"
29,8913 IMPRINT  C. AZULC. NEGRO 58x22mm,111640,,Imprint,276.6,"Texto , Imprint , 8913"
29,8915 IMPRINT  C. NEGRO C. NEGRO 70x25mm,111482,,Imprint,389.98,"Texto , Imprint , 8915"
29,8915 IMPRINT  C. ROJO C. NEGRO 70x25mm,111525,,Imprint,389.98,"Texto , Imprint , 111525"
29,9430 MOBILE PRINTY C.AZUL C.NEG 30X30mm,73000398,,Mobile,396.44,"Texto , Printy , 9430"
29,9430 MOBILE PRINTY VERDE C.NEG 30x30mm,73000399,,Mobile,396.44,"Texto , Printy , 9430"
29,9413 MOBILE PRINTY AZUL C.NEGRO 58x22mm,34698,,Mobile,432.45,"Texto , Printy , 9413"
29,9413 MOBILE PRINTY PLATA C.NEGRO 58x22mm,34700,,Mobile,432.45,"Texto , Printy , 9413"
29,9413 MOBILE PRINTY ROJO C.NEGRO 58x22mm,34696,,Mobile,432.45,"Texto , Printy , 9413"
29,9425 MOBILE PRINTY C.AMARILLO C.N25x25mm,34786,,Mobile,384.38,"Texto , Printy , 9425"
29,9425 MOBILE PRINTY C.AZUL C.NEGRO25x25mm,34823,,Mobile,384.38,"Texto , Printy , 9425"
29,9425 MOBILE PRINTY NEGRO C.NEGRO 25x25mm,34827,,Mobile,384.38,"Texto , Printy , 9425"
29,9425 MOBILE PRINTY C.PLATA C.NEG 25x25mm,34825,,Mobile,384.38,"Texto , Printy , 9425"
29,9425 MOBILE PRINTY C.ROJO C.NEGRO25x25mm,34821,,Mobile,384.38,"Texto , Printy , 9425"
29,9425 MOBILE PRINTY C.ROSA C.NEGRO25x25mm,34788,,Mobile,384.38,"Texto , Printy , 9425"
29,9425 MOBILE PRINTY C.VERDE C.NEG 25x25mm,34830,,Mobile,384.38,"Texto , Printy , 9425"
29,9430 MOBILE PRINTY AMARILLO C.N 30x30mm,20008,,Mobile,396.44,"Texto , Printy , 9430"
29,9430 MOBILE PRINTY NARANJA C.NEG 30x30mm,20005,,Mobile,396.44,"Texto , Printy , 9430"
29,9430 MOBILE PRINTY ROJO C.NEGRO 30x30mm,19922,,Mobile,396.44,"Texto , Printy , 9430"
29,9430 MOBILE PRINTY C.ROSA C.NEGRO30x30mm,20011,,Mobile,396.44,"Texto , Printy , 9430"
29,9440 MOBILE PRINTY AZUL C.NEGRO 40x40mm,46318,,Mobile,515.83,"Texto , Printy , 9440"
29,9440 MOBILE PRINTY NEGRO C.NEGRO 40x40mm,46305,,Mobile,539.24,"Texto , Printy , 9440"
29,9440 MOBILE PRINTY C.PLATA C.N 40x40mm,46304,,Mobile,515.79,"Texto , Printy , 9440"
29,9440 MOBILE PRINTY ROJO C.NEGRO 40x40mm,46316,,Mobile,515.79,"Texto , Printy , 9440"
29,44045 PRINTY 3.0 C.NEGRO C.NEGRO 45x30mm,45188,,,437.84,"Texto , Printy , 44045 , 3"
29,44055 PRINTY 3.0 C.GRIS C.NEGRO 55x35mm,87904,,,504.63,"Texto , Printy , 44055 , 3"
29,44055 PRINTY 3.0 C.NEGRO C.NEGRO 55x35mm,45257,,,504.63,"Texto , Printy , 44055 , 3"
29,44055 PRINTY 3.0 C.ROJO C.NEGRO 55x35mm,86575,,,504.63,"Texto , Printy , 44055 , 3"
29,46019 PRINTY 3.0 C. NEGRO C. NEGRO 19mm,45206,,,230.02,"Texto , Printy , 46019 , 3"
29,4612 PRINTY 2.0 C. NEGRO C. NEGRO 12mm,91527,,,226.14,"Texto , Printy , 4612 , 2"
29,4630 PRINTY 3.0 C. AZUL C. NEGRO 30mm,80386,,,342.96,"Texto , Printy , 4630 , 3"
29,4630 PRINTY 3.0 C. GRIS C. NEGRO 30mm,80398,,,342.96,"Texto , Printy , 4630 , 3"
29,4630 PRINTY 3.0 C. NEGRO C. NEGRO 30mm,80394,,,342.96,"Texto , Printy , 4630 , 3"
29,4630 PRINTY 3.0 C. ROJO C. NEGRO 30mm,80393,,,342.96,"Texto , Printy , 4630 , 3"
29,4638 PRINTY 4.0 C. AZUL C. NEGRO 38mm,76849,,,430.29,"Texto , Printy , 4638 , 4"
29,4638 PRINTY 4.0 C. NEGRO C. NEGRO 38mm,76854,,,430.29,"Texto , Printy , 4638 , 4"
29,4638 PRINTY 4.0 C. ROJO C. NEGRO 38mm,76798,,,430.29,"Texto , Printy , 4638 , 4"
29,4912 PRINTY RECIBIDO 4.0 C.G C.N 47x18mm,56631,,,283.82,"Texto , Printy , 4912 , 4"
29,4912 PRINTY PAGADO 4.0 GRIS C.N 47x18mm,56630,,,449.16,"Texto , Printy , 4912 , 4"
29,4918 PRINTY 3.0 C. AZUL C. NEGRO 75x15mm,19898,,,571.8,"Texto , Printy , 4918 , 3"
29,4918 PRINTY 3.0 C. GRIS C. NEGRO 75x15mm,19899,,,571.8,"Texto , Printy , 4918 , 3"
29,4918 PRINTY 3.0 C.NEGRO C.NEGRO 75x15mm,45201,,,571.8,"Texto , Printy , 4918 , 3"
29,4918 PRINTY 3.0 C. ROJO C. NEGRO 75x15mm,19897,,,571.8,"Texto , Printy , 4918 , 3"
29,4925 PRINTY 3.0 C. AZUL C. NEGRO 82x25mm,9638,,,544.34,"Texto , Printy , 4925 , 3"
29,4925 PRINTY 3.0 C. GRIS C. NEGRO 82x25mm,9637,,,544.34,"Texto , Printy , 4925 , 3"
29,4925 PRINTY 3.0 C.NEGRO C.NEGRO 82x25mm,45223,,,544.34,"Texto , Printy , 4925 , 3"
29,4925 PRINTY 3.0 C. ROJO C. NEGRO 82x25mm,9636,,,544.34,"Texto , Printy , 4925 , 3"
29,4928 PRINTY 3.0 C. AZUL C. NEGRO 60x33mm,3642,,,557.95,"Texto , Printy , 4928 , 3"
29,4928 PRINTY 3.0 C. GRIS C. NEGRO 60x33mm,3643,,,557.95,"Texto , Printy , 4928 , 3"
29,4928 PRINTY 3.0 C.NEGRO C.NEGRO 60x33mm,45275,,,557.96,"Texto , Printy , 4928 , 3"
29,4928 PRINTY 3.0 C. ROJO C. NEGRO 60x33mm,3644,,,557.95,"Texto , Printy , 4928 , 3"
29,4929 PRINTY 3.0 C. AZUL C. NEGRO 50x30mm,3670,,,558.81,"Texto , Printy , 4929 , 3"
29,4929 PRINTY 3.0 C. GRIS C. NEGRO 50x30mm,3671,,,558.81,"Texto , Printy , 4929 , 3"
29,4929 PRINTY 3.0 C.NEGRO C.NEGRO 50x30mm,45270,,,558.81,"Texto , Printy , 4929 , 3"
29,4929 PRINTY 3.0 C. ROJO C. NEGRO 50x30mm,3669,,,558.81,"Texto , Printy , 4929 , 3"
29,4931 PRINTY 3.0 C. AZUL C. NEGRO 70x30mm,33305,,,562.47,"Texto , Printy , 4931 , 3"
29,4931 PRINTY 3.0 C. GRIS C. NEGRO 70x30mm,33306,,,562.49,"Texto , Printy , 4931 , 3"
29,4931 PRINTY 3.0 C.NEGRO C.NEGRO 70x30mm,45196,,,562.47,"Texto , Printy , 4931 , 3"
29,4931 PRINTY 3.0 C. ROJO C. NEGRO 70x30mm,33304,,,562.47,"Texto , Printy , 4931 , 3"
29,4933 PRINTY 2.0 C. AZUL C. NEGRO 25x25mm,65841,,,426.64,"Texto , Printy , 4933 , 2"
29,4933 PRINTY 2.0 C.NEGRO C.NEGRO 25x25mm,65635,,,426.64,"Texto , Printy , 4933 , 2"
29,4933 PRINTY 2.0 C. ROJO C. NEGRO 25x25mm,65836,,,426.64,"Texto , Printy , 4933 , 2"
29,4910 PRINTY 4.0 BLANCO/BLANCO C.N 26x9mm,57842,,,217.54,"Texto , Printy , 4910 , 4"
29,4911 PRINTY 4.0 C. AZUL C. NEGRO 38x14mm,44359,,,232.32,"Texto , Printy , 4911 , 4"
29,4911 PRINTY 4.0 BLANCO/NEG C.NEG 38x14mm,44380,,,232.32,"Texto , Printy , 4911 , 4"
29,4911 PRINTY 4.0 C. GRIS C. NEGRO 38x14mm,44356,,,232.32,"Texto , Printy , 4911 , 4"
29,4911 PRINTY 4.0 C.NEGRO C.NEGRO 38x14mm,44075,,,232.32,"Texto , Printy , 4911 , 4"
29,4911 PRINTY 4.0 C. ROJO C. NEGRO 38x14mm,44377,,,232.32,"Texto , Printy , 4911 , 4"
29,4911 PRINTY 4.0 ROSA FUCSIA C.N 38x14mm,44383,,,232.32,"Texto , Printy , 4911 , 4"
29,4911 PRINTY 4.0 VERDE C. NEGRO 38x14mm,44396,,,232.32,"Texto , Printy , 4911 , 4"
29,4912 PRINTY 4.0 C. AZUL C. NEGRO 47x18mm,44368,,,283.85,"Texto , Printy , 4912 , 4"
29,4912 PRINTY 4.0 BLANCO/NEGRO C.N 47x18mm,44374,,,271.5,"Texto , Printy , 4912 , 4"
29,4912 PRINTY 4.0  BLANCO/NEGRO C.N 47x18mm,46480,,,271.5,"Texto , Printy , 4912 , 4"
29,4912 PRINTY 4.0 C. GRIS C. NEGRO 47x18mm,44355,,,283.85,"Texto , Printy , 4912 , 4"
29,4912 PRINTY 4.0 NEGRO C. NEGRO 47x18mm,44257,,,283.85,"Texto , Printy , 4912 , 4"
29,4912 PRINTY 4.0 C. ROJO C. NEGRO 47x18mm,44371,,,283.85,"Texto , Printy , 4912 , 4"
29,4912 PRINTY 4.0 ROSA FUCSIA C.N 47x18mm,44387,,,283.85,"Texto , Printy , 4912 , 4"
29,4912 PRINTY 4.0 VERDE C. NEGRO 47x18mm,44390,,,283.85,"Texto , Printy , 4912 , 4"
29,4913 PRINTY 4.0 AMARILL NEON C.N 58x22mm,68835,,,325.37,"Texto , Printy , 4913 , 4"
29,4913 PRINTY 4.0 C. AZUL C. NEGRO 58x22mm,44411,,,340.19,"Texto , Printy , 4913 , 4"
29,4913 PRINTY 4.0 C.BLAN ART C.NEG 58x22mm,44417,,,325.42,"Texto , Printy , 4913 , 4"
29,4913 PRINTY 4.0 C. GRIS C. NEGRO 58x22mm,44408,,,340.21,"Texto , Printy , 4913 , 4"
29,4913 PRINTY 4.0 C. NEGRO C.NEGRO 58x22mm,44258,,,340.21,"Texto , Printy , 4913 , 4"
29,4913 PRINTY 4.0 ROSA NEON C.NEG 58x22mm,70734,,,325.42,"Texto , Printy , 4913 , 4"
29,4913 PRINTY 4.0 C. ROJO C. NEGRO 58x22mm,44414,,,340.15,"Texto , Printy , 4913 , 4"
29,4913 PRINTY 4.0 ROSA FUCSIA C.N 58x22mm,44420,,,325.37,"Texto , Printy , 4913 , 4"
29,4913 PRINTY 4.0 C.VERDE C.NEGRO 58x22mm,44423,,,340.15,"Texto , Printy , 4913 , 4"
29,4914 PRINTY 4.0 C. AZUL C. NEGRO 64x26mm,52835,,,424.28,"Texto , Printy , 4914 , 4"
29,4914 PRINTY 4.0 BLANCO/NEGRO C.N 64x26mm,52845,,,424.3,"Texto , Printy , 4914 , 4"
29,4914 PRINTY 4.0 C.BLANCO C.NEGRO 64x26mm,52857,,,424.3,"Texto , Printy , 4914 , 4"
29,4914 PRINTY 4.0 C. GRIS C. NEGRO 64x26mm,52830,,,424.28,"Texto , Printy , 4914 , 4"
29,4914 PRINTY 4.0 C.NEGRO C.NEGRO 64x26mm,47586,,,424.3,"Texto , Printy , 4914 , 4"
29,4914 PRINTY 4.0 C. ROJO C. NEGRO 64x26mm,52840,,,424.3,"Texto , Printy , 4914 , 4"
29,4914 PRINTY 4.0 ROSA FUCSIA C.N 64x26mm,52850,,,424.3,"Texto , Printy , 4914 , 4"
29,4914 PRINTY 4.0 C.VERDE C.NEGRO 64x26mm,52853,,,424.3,"Texto , Printy , 4914 , 4"
29,4915 PRINTY 4.0 C. AZUL C. NEGRO 70x25mm,53249,,,458.77,"Texto , Printy , 4915 , 4"
29,4915 PRINTY 4.0 C.BLANCO C.NEGRO 70x25mm,53304,,,458.77,"Texto , Printy , 4915 , 4"
29,4915 PRINTY 4.0 BLANCO/NEGRO C.N 70x25mm,53222,,,458.77,"Texto , Printy , 4915 , 4"
29,4915 PRINTY 4.0 C. GRIS C. NEGRO 70x25mm,53183,,,458.79,"Texto , Printy , 4915 , 4"
29,4915 PRINTY 4.0 C.NEGRO C.NEGRO 70x25mm,47587,,,458.77,"Texto , Printy , 4915 , 4"
29,4915 PRINTY 4.0 C. ROJO C. NEGRO 70x25mm,53254,,,458.77,"Texto , Printy , 4915 , 4"
29,4915 PRINTY 4.0 ROSA FUCSIA C.N 70x25mm,53297,,,458.77,"Texto , Printy , 4915 , 4"
29,4915 PRINTY 4.0 C.VERDE C.NEGRO 70x25mm,53300,,,458.77,"Texto , Printy , 4915 , 4"
29,44045 PRINTY 2.0 C.GRIS C.NEGRO 45X30mm,3595,,,437.84,"Texto , Printy , 44045 , 3"
29,44045 PRINTY 3.0 C.ROJO C.NEGRO 45x30mm,3597,,,437.84,"Texto , Printy , 44045 , 3"
29,46019 PRINTY 3.0 C. AZUL C. NEGRO 19mm,3527,,,230.02,"Texto , Printy , 46019 , 3"
29,46019 PRINTY 3.0 C. GRIS C. NEGRO 19mm,3528,,,230.02,"Texto , Printy , 46019 , 3"
29,46019 PRINTY 3.0 C. ROJO C. NEGRO 19mm,3529,,,230.02,"Texto , Printy , 46019 , 3"
29,46025 PRINTY 3.0 C. AZUL C. NEGRO 25mm,3530,,,319.26,"Texto , Printy , 46025 , 3"
29,46025 PRINTY 3.0 C. GRIS C. NEGRO 25mm,3531,,,319.26,"Texto , Printy , 46025 , 3"
29,46025 PRINTY 3.0 C. NEGRO C. NEGRO 25mm,45160,,,319.26,"Texto , Printy , 46025 , 3"
29,46025 PRINTY 3.0 C. ROJO C. NEGRO 25mm,3532,,,319.26,"Texto , Printy , 46025 , 3"
29,46050 PRINTY 2.0 C. NEGRO C. NEGRO 50mm,44929,,,671.11,"Texto , Printy , 46050 , 2"
29,4910 PRINTY 4.0 C. NEGRO C. NEGRO 26x9mm,53438,,,217.55,"Texto , Printy , 4910 , 4"
29,4910 PRINTY 4.0 BLANCO/NEGRO C.N 26x9mm,53527,,,217.54,"Texto , Printy , 4910 , 4"
29,4911 PRINTY TEXTIL 4.0 ROJO C.N 38x14mm,44768,,,664.89,"Texto , Printy , 4911 , 4"
29,4917 PRINTY 2.0 C.NEGRO C.NEGRO 50x10mm,6318,,,466.55,"Texto , Printy , 4917 , 2"
29,4921 PRINTY 2.0 C.NEGRO C.NEGRO 12x12mm,65712,,,312.77,"Texto , Printy , 4921 , 2"
29,4922 PRINTY 2.0 C.NEGRO C.NEGRO 20x20mm,69666,,,374.26,"Texto , Printy , 4922 , 2"
29,4923 PRINTY 2.0 C.NEGRO C.NEGRO 30x30mm,69846,,,470.38,"Texto , Printy , 4923 , 2"
29,3445 PRINTY LITTLE FELL AZUL C.N 45x30mm,84460,,Little fellow,350.42,"Texto , Printy , 3445"
29,3445 PRINTY LITTLE FELL NEG C.N 45x30mm,84444,,Little fellow,350.42,"Texto , Printy , 3445"
29,3445 PRINTY LITTLE FELL ROJO C.N 45x30mm,84454,,Little fellow,350.42,"Texto , Printy , 3445"
29,3915 PRINTY LITTLE FELL AZUL C.N 70x25mm,92116,,Little fellow,261.48,"Texto , Printy , 3915"
29,3915 PRINTY LITTLE FELL NEG. C.N 70x25mm,92105,,Little fellow,261.48,"Texto , Printy , 3915"
29,3915 PRINTY LITTLE FELL ROJO C.N 70x25mm,92110,,Little fellow,261.48,"Texto , Printy , 3915"
29,3927 PRINTY LITTLE FELL ROJO C.N 60x40m,92122,,Little fellow,432.01,"Texto , Printy , 3927"
29,3638 PRINTY LITTLE FELL AZUL C.N 38mm,84384,,Little fellow,368.86,"Texto , Printy , 3638"
29,3638 PRINTY LITTLE FELL ROJO C.N 38mm,84361,,Little fellow,368.86,"Texto , Printy , 3638"
29,5205 PROF 3.0 NEGRO C.NEGRO 68x24mm,85338,,,1976.17,"Texto , Professional , 5205 , 3"
29,5211 PROF 4.0 NEGRO C. NEGRO 85x55mm,34970,,,3404.49,"Texto , Professional , 5211 , 3"
29, SELLO EN SECO C. CROMADO 25x51mm,68340,,Troquel,1973.4,"Texto , Troquel , 972551"
29,972551 SELLO EN SECO C. NEGRO 25x51mm,70102,,Troquel,1973.4,"Texto , Troquel , 972551"
29,SELLO EN SECO C. CROMADO 41mm,68336,,Troquel,2063.1,"Texto , Troquel , 970041"
29,SELLO EN SECO C. NEGRO 41mm,70100,,Troquel,1973.42,"Texto , Troquel , 970041"
29,970041 SELLO EN SECO C. ROSA  41mm,80454,,Troquel,1973.4,"Texto , Troquel , 970041"
29,970051 SELLO EN SECO C. CROMADO 51mm,68338,,Troquel,2124.56,"Texto , Troquel , 970051"
29,970051 SELLO EN SECO C. NEGRO 51mm,70101,,Troquel,2221.14,"Texto , Troquel , 970051"
29,JDD2 TROQUELADORA ESCRITORIO 50mm,104913,,Troquel,3802.08,"Texto , Troquel , JDD2"
29,7012 TINTA MCI AZUL LUMINOSO(39443) 28ml,73000389,,Tinta,195.23,"Insumo , 7012"
29,6/15 CARTUCHO AZUL 45mm,78534,,Cartucho,219.22,"Insumo , 6/15"
29,6/15 CARTUCHO MCI 45mm,10326,,Cartucho,219.19,"Insumo , 6/15"
29,6/15 CARTUCHO MORADA 45mm,78751,,Cartucho,219.19,"Insumo , 6/15"
29,6/15 CARTUCHO NEGRO 45mm,78533,,Cartucho,219.19,"Insumo , 6/15"
29,6/15 CARTUCHO ROJO 45mm,78535,,Cartucho,219.19,"Insumo , 6/15"
29,6/15 CARTUCHO SIN TINTA 45mm,79155,,Cartucho,219.19,"Insumo , 6/15"
29,6/15 CARTUCHO VERDE 45mm,73000196,,Cartucho,219.19,"Insumo , 6/15"
29,6/15/2 CARTUCHO BIC 45mm,82088,,Cartucho,219.19,"Insumo , 6/15/2"
29,6/15/2 CARTUCHO  BIC 45mm,78752,,Cartucho,385.02,"Insumo , 6/15/2"
29,6/3911 CARTUCHO MORADO 38x14mm,61429,,Cartucho,78.5,"Insumo , 6/3911"
29,6/3913 CARTUCHO  NEGRO 58x22mm,61440,,Cartucho,101.19,"Insumo , 6/3913"
29,6/3915 CARTUCHO  NEGRO 70x25mm,92137,,Cartucho,132.41,"Insumo , 6/3915"
29,6/3927 CARTUCHO  AZUL 60x40mm,92142,,Cartucho,143.73,"Insumo , 6/3927"
29,6/43032 CARTUCHO  AZUL 36x33mm,73000202,,Cartucho,116.86,"Insumo , 6/43032"
29,6/43032 CARTUCHO  NEGRO 32x32mm,73000200,,Cartucho,116.86,"Insumo , 6/43032"
29,6/43032/2 CARTUCHO BIC 32x32mm,39947,,Cartucho,116.86,"Insumo , 6/43032/2"
29,6/44045 CARTUCHO  NEGRO 45x35mm,73000205,,Cartucho,181.72,"Insumo , 6/44045"
29,6/44055 CARTUCHO  NEGRO 55x38mm,73000209,,Cartucho,191.4,"Insumo , 6/44055"
29,6/46019 CARTUCHO AZUL 19mm,10824,,Cartucho,113.88,"Insumo , 6/46019"
29,6/46019 CARTUCHO  NEGRO 19mm,10827,,Cartucho,113.88,"Insumo , 6/46019"
29,6/46019 CARTUCHO  ROJO 19mm,73000216,,Cartucho,113.88,"Insumo , 6/46019"
29,6/46019 CARTUCHO SIN TINTA 19mm,13912,,Cartucho,113.88,"Insumo , 6/46019"
29,6/46025 CARTUCHO  NEGRO 25mm,73000218,,Cartucho,124.12,"Insumo , 6/46025"
29,6/46030 CARTUCHO  AZUL 30mm,73000224,,Cartucho,116.86,"Insumo , 6/46030"
29,6/46030 CARTUCHO  MCI 30mm,10211,,Cartucho,116.86,"Insumo , 6/46030"
29,6/46030 CARTUCHO NEGRO 30mm,73000223,,Cartucho,116.86,"Insumo , 6/46030"
29,6/46030 CARTUCHO SIN TINTA 30mm,1947,,Cartucho,116.86,"Insumo , 6/46030"
29,6/46030 CARTUCHO  VERDE  30mm,73000227,,Cartucho,116.86,"Insumo , 6/46030"
29,6/46040 CARTUCHO  AZUL 40mm,73000228,,Cartucho,157.99,"Insumo , 6/46040"
29,6/46040 CARTUCHO MCI 40mm,10282,,Cartucho,158.01,"Insumo , 6/46040"
29,6/46040 CARTUCHO NEGRO 40mm,90865,,Cartucho,158.01,"Insumo , 6/46040"
29,6/46040 CARTUCHO  ROJO  40mm,73000230,,Cartucho,157.99,"Insumo , 6/46040"
29,6/46040/2 CARTUCHO BIC 40mm,90866,,Cartucho,275.94,"Insumo , 6/46040/2"
29,6/46040/2 CARTUCHO  BIC SIN TINTA 40mm,1970,,Cartucho,157.99,"Insumo , 6/46040/2ST"
29,6/46045 CARTUCHO AZUL 45mm,73000234,,Cartucho,191.4,"Insumo , 6/46045"
29,6/46045 CARTUCHO MCI 45mm,15635,,Cartucho,191.36,"Insumo , 6/46045"
29,6/46045 CARTUCHO NEGRO 45mm,80808,,Cartucho,191.42,"Insumo , 6/46045"
29,6/46045 CARTUCHO ROJO 45mm,73000237,,Cartucho,191.42,"Insumo , 6/46045"
29,6/46045 CARTUCHO  VERDE 45mm,73000238,,Cartucho,191.4,"Insumo , 6/46045"
29,6/46045/2 CARTUCHO BIC 45mm,16136,,Cartucho,337.16,"Insumo , 6/46045/2"
29,6/46050 CARTUCHO AZUL 50mm,73000240,,Cartucho,259.75,"Insumo , 6/46050"
29,6/46050 CARTUCHO NEGRO 50mm,45239,,Cartucho,259.75,"Insumo , 6/46050"
29,6/46050 CARTUCHO ROJO 50mm,73000241,,Cartucho,259.75,"Insumo , 6/46050"
29,6/46050 CARTUCHO SIN TINTA 50mm,45234,,Cartucho,259.75,"Insumo , 6/46050"
29,6/4612 CARTUCHO  FIELTRO  12mm,93263,,Cartucho,68.65,"Insumo , 6/4612"
29,6/4612 CARTUCHO  NEGRO 12mm,91529,,Cartucho,68.65,"Insumo , 6/4612"
29,6/4612 CARTUCHO SIN TINTA 12mm,93262,,Cartucho,68.65,"Insumo , 6/4612"
29,6/4630 CARTUCHO AZUL 30mm,80790,,Cartucho,134.36,"Insumo , 6/4630"
29,6/4630 CARTUCHO MCI 30mm,80797,,Cartucho,134.36,"Insumo , 6/4630"
29,6/4630 CARTUCHO SIN TINTA 30mm,80794,,Cartucho,134.36,"Insumo , 6/4630"
29,6/4630 CARTUCHO VERDE 30mm,73000409,,Cartucho,134.36,"Insumo , 6/4630"
29,6/4638 CARTUCHO AZUL 38mm,77004,,Cartucho,117.83,"Insumo , 6/4638"
29,6/4638 CARTUCHO MCI 38mm,77029,,Cartucho,117.83,"Insumo , 6/4638"
29,6/4638 CARTUCHO NEGRO,77001,,Cartucho,,"Insumo , 6/4638"
29,6/4638 CARTUCHO  SIN TINTA  38mm,77027,,Cartucho,101.76,"Insumo , 6/4638"
29,6/4642 CARTUCHO AZUL 42mm,65833,,Cartucho,134.36,"Insumo , 6/4642"
29,6/4642 CARTUCHO  MCI  42mm,65872,,Cartucho,135.39,"Insumo , 6/4642"
29,6/4642 CARTUCHO NEGRO 42mm,73000413,,Cartucho,134.36,"Insumo , 6/4642"
29,6/4642 CARTUCHO  ROJO  42mm,65834,,Cartucho,134.36,"Insumo , 6/4642"
29,6/4642 CARTUCHO  SIN TINTA  42mm,65356,,Cartucho,113.25,"Insumo , 6/4642"
29,6/4642 CARTUCHO  VERDE  42mm,65866,,Cartucho,134.36,"Insumo , 6/4642"
29,6/4645 CARTUCHO AZUL 45mm,171381,,Cartucho,191.42,"Insumo , 6/4645"
29,6/4645 CARTUCHO  NEGRO 45mm,171380,,Cartucho,191.42,"Insumo , 6/4645"
29,6/4645 CARTUCHO MCI 45mm,171378,,Cartucho,191.42,"Insumo , 6/4645"
29,6/4645 CARTUCHO SIN TINTA 45mm,171379,,Cartucho,191.42,"Insumo , 6/4645"
29,6/4750 CARTUCHO  AZUL 41x24mm,73000244,,Cartucho,112.37,"Insumo , 6/4750"
29,6/4750 CARTUCHO BIC 41x24mm,73000243,,Cartucho,112.39,"Insumo , 6/4750"
29,6/4750 CARTUCHO NEGRO 41x24mm,59965,,Cartucho,112.37,"Insumo , 6/4750"
29,6/4750 CARTUCHO  ROJO  41x24mm,73000245,,Cartucho,112.37,"Insumo , 6/4750"
29,6/4750 CARTUCHO SIN TINTA 41x24mm,59964,,Cartucho,112.37,"Insumo , 6/4750"
29,6/4750 CARTUCHO AZUL/ROJO 41x24mm,62022,,Cartucho,192.51,"Insumo , 6/4750/2ST"
29,6/4750/2 CARTUCHO BIC SIN TINTA 41x24mm,62023,,Cartucho,192.51,"Insumo , 6/4750/2ST"
29,6/4817 CARTUCHO  AZUL 57x18mm,73000248,,Cartucho,135.76,"Insumo , 6/4817"
29,6/4817 CARTUCHO NEGRO 57x18mm,73000247,,Cartucho,135.76,"Insumo , 6/4817"
29,6/4817 CARTUCHO  ROJO 57x18mm,73000250,,Cartucho,135.76,"Insumo , 6/4817"
29,6/4817 CARTUCHO SIN TINTA 57x18mm,80687,,Cartucho,135.76,"Insumo , 6/4817"
29,6/4850/2 CARTUCHO BIC SIN TINTA 25x5mm,77784,,Cartucho,148.01,"Insumo , 6/4850/2ST"
29,6/4908 CARTUCHO  ROJO  15x7mm,73000258,,Cartucho,89.56,"Insumo , 6/4908"
29,6/4908 CARTUCHO  VERDE  15x7mm,73000130,,Cartucho,89.56,"Insumo , 6/4908"
29,6/4910 CARTUCHO AZUL 26x9mm,69322,,Cartucho,92.35,"Insumo , 6/4910"
29,6/4910 CARTUCHO NEGRO 26x9mm,69224,,Cartucho,92.35,"Insumo , 6/4910"
29,6/4910 CARTUCHO SIN TINTA 26x9mm,69438,,Cartucho,92.35,"Insumo , 6/4910"
29,6/4910 CARTUCHO VERDE 26x9mm,69323,,Cartucho,92.35,"Insumo , 6/4910"
29,6/4911 CARTUCHO  AZUL 38x14mm,55815,,Cartucho,92.35,"Insumo , 6/4911"
29,6/4911 CARTUCHO NEGRO (TEXTIL) 38x14mm,85749,,Cartucho,177.37,"Insumo , 6/4911"
29,6/4911 CARTUCHO ROJO 38x14mm,55817,,Cartucho,92.35,"Insumo , 6/4911"
29,6/4911 CARTUCHO VERDE 38x14mm,55816,,Cartucho,92.35,"Insumo , 6/4911"
29,6/4911 CARTUCHO FIELTRO 38x14mm,65758,,Cartucho,92.35,"Insumo , 6/4911"
29,6/4911 CARTUCHO MCI 38x14mm,33974,,Cartucho,92.35,"Insumo , 6/4911"
29,6/4911 CARTUCHO NEGRO 38x14mm,73000265,,Cartucho,92.35,"Insumo , 6/4911"
29,6/4911 CARTUCHO SIN TINTA 38x14mm,55820,,Cartucho,92.35,"Insumo , 4911"
29,6/4912 CARTUCHO AZUL 47x18mm,55842,,Cartucho,104.6,"Insumo , 6/4912"
29,6/4912 CARTUCHO NEGRO 47x18mm,55845,,Cartucho,104.6,"Insumo , 6/4912"
29,6/4912 CARTUCHO MCI 47x18mm,4818,,Cartucho,104.6,"Insumo , 6/4912"
29,6/4912 CARTUCHO  MORADO 47x18mm,55846,,Cartucho,104.6,"Insumo , 6/4912"
29,6/4912 CARTUCHO SIN TINTA 47x18mm,55847,,Cartucho,104.6,"Insumo , 6/4912"
29,6/4912 CARTUCHO  VERDE  47x18mm,55843,,Cartucho,104.6,"Insumo , 6/4912"
29,6/4913 CARTUCHO AZUL 58x22mm,58396,,Cartucho,119.06,"Insumo , 6/4913"
29,6/4913 CARTUCHO ROJO 58x22mm,58397,,Cartucho,119.06,"Insumo , 6/4913"
29,6/4913 CARTUCHO  FIELTRO  58x22mm,65760,,Cartucho,119.06,"Insumo , 6/4913"
29,6/4913 CARTUCHO  MORADO 58x22mm,58400,,Cartucho,119.06,"Insumo , 6/4913"
29,6/4913 CARTUCHO MCI 58x22mm,4819,,Cartucho,119.06,"Insumo , 6/4913"
29,6/4913 CARTUCHO NEGRO 58x22mm,58399,,Cartucho,119.06,"Insumo , 6/4913"
29,6/4913 CARTUCHO SIN TINTA 58x22mm,58401,,Cartucho,119.06,"Insumo , 6/4913"
29,6/4913 CARTUCHO VERDE 58x22mm,58398,,Cartucho,119.06,"Insumo , 6/4913"
29,6/4914 CARTUCHO MCI 64x26mm,52628,,Cartucho,148.79,"Insumo , 6/4914"
29,6/4914 CARTUCHO NEGRO 64x26mm,73000278,,Cartucho,148.79,"Insumo , 6/4914"
29,6/4914 CARTUCHO  ROJO  64x26mm,73000280,,Cartucho,148.79,"Insumo , 6/4914"
29,6/4914 CARTUCHO SIN TINTA 64x26mm,47263,,Cartucho,148.79,"Insumo , 6/4914"
29,6/4914 CARTUCHO  VERDE  64x26mm,73000281,,Cartucho,148.79,"Insumo , 6/4914"
29,6/4915 CARTUCHO MCI 70x25mm,4028,,Cartucho,155.79,"Insumo , 6/4915"
29,6/4915 CARTUCHO NEGRO 70x25mm,69594,,Cartucho,155.79,"Insumo , 6/4915"
29,6/4915 CARTUCHO ROJO 70x25mm,73000284,,Cartucho,155.79,"Insumo , 6/4915"
29,6/4915 CARTUCHO SIN TINTA 70x25mm,69736,,Cartucho,155.79,"Insumo , 6/4915"
29,6/4915 CARTUCHO  VERDE  70x25mm,73000285,,Cartucho,155.79,"Insumo , 6/4915"
29,6/4916 CARTUCHO AZUL 70x10mm,73000287,,Cartucho,135.76,"Insumo , 6/4916"
29,6/4916 CARTUCHO NEGRO 70x10mm,73000286,,Cartucho,135.76,"Insumo , 6/4916"
29,6/4916 CARTUCHO  ROJO 70x10mm,73000289,,Cartucho,135.76,"Insumo , 6/4916"
29,6/4916 CARTUCHO SIN TINTA 70x10mm,72942,,Cartucho,135.76,"Insumo , 6/4916"
29,6/4918 CARTUCHO  AZUL 75x15mm,73000292,,Cartucho,154.83,"Insumo , 6/4918"
29,6/4918 CARTUCHO  MCI 75x15mm,20225,,Cartucho,154.83,"Insumo , 6/4918"
29,6/4918 CARTUCHO NEGRO 75x15mm,73000291,,Cartucho,154.83,"Insumo , 6/4918"
29,6/4921 CARTUCHO  AZUL 12x12mm,73000297,,Cartucho,92.35,"Insumo , 6/4921"
29,6/4921 CARTUCHO NEGRO 12x12mm,73000296,,Cartucho,92.35,"Insumo , 6/4921"
29,6/4921 CARTUCHO  ROJO 12x12mm,73000298,,Cartucho,92.35,"Insumo , 6/4921"
29,6/4921 CARTUCHO SIN TINTA 12x12mm,65937,,Cartucho,92.35,"Insumo , 6/4921"
29,6/4921 CARTUCHO  VERDE  12x12mm,73000131,,Cartucho,92.35,"Insumo , 6/4921"
29,6/4922 CARTUCHO AZUL 20x20mm,69853,,Cartucho,104.6,"Insumo , 6/4922"
29,6/4922 CARTUCHO FIELTRO 20x20mm,73000301,,Cartucho,104.6,"Insumo , 6/4922"
29,6/4922 CARTUCHO SIN TINTA 20x20mm,69858,,Cartucho,104.6,"Insumo , 6/4922"
29,6/4922 CARTUCHO VERDE 20x20mm,69852,,Cartucho,104.6,"Insumo , 6/4922"
29,6/4923 CARTUCHO NEGRO 30x30mm,69926,,Cartucho,119.06,"Insumo , 6/4923"
29,6/4923 CARTUCHO  ROJO 30x30mm,73000307,,Cartucho,119.06,"Insumo , 6/4923"
29,6/4923 CARTUCHO SIN TINTA 30x30mm,69931,,Cartucho,119.06,"Insumo , 6/4923"
29,6/4923 CARTUCHO  VERDE 30x30mm,73000308,,Cartucho,119.06,"Insumo , 6/4923"
29,6/4924 CARTUCHO AZUL 40x40mm,69819,,Cartucho,161.36,"Insumo , 6/4924"
29,6/4924 CARTUCHO MORADO 40x40mm,73000312,,Cartucho,161.36,"Insumo , 6/4924"
29,6/4924 CARTUCHO ROJO 40x40mm,73000314,,Cartucho,161.36,"Insumo , 6/4924"
29,6/4924 CARTUCHO SIN TINTA 40x40mm,69822,,Cartucho,161.36,"Insumo , 6/4924"
29,6/4924 CARTUCHO VERDE 40x40mm,73000315,,Cartucho,161.36,"Insumo , 6/4924"
29,6/4924/2 CARTUCHO BIC 40x40mm,38168,,Cartucho,283.74,"Insumo , 6/4924/2"
29,6/4924/2 CARTUCHO BIC SIN TINTA 40x40mm,38263,,Cartucho,283.74,"Insumo , 6/4924/2ST"
29,6/4925 CARTUCHO AZUL 82x25mm,73000317,,Cartucho,169.13,"Insumo , 6/4925"
29,6/4925 CARTUCHO MCI 82x25mm,12641,,Cartucho,169.13,"Insumo , 6/4925"
29,6/4925 CARTUCHO NEGRO 82x25mm,73000316,,Cartucho,169.13,"Insumo , 6/4925"
29,6/4925 CARTUCHO ROJO 82x25mm,73000318,,Cartucho,169.13,"Insumo , 6/4925"
29,6/4925 CARTUCHO SIN TINTA 82x25mm,13225,,Cartucho,169.13,"Insumo , 6/4925"
29,6/4925 CARTUCHO VERDE 82x25mm,73000319,,Cartucho,169.13,"Insumo , 6/4925"
29,6/4926 CARTUCHO MCI 75x38mm,4812,,Cartucho,185.82,"Insumo , 6/4926"
29,6/4926 CARTUCHO NEGRO 75x38mm,70666,,Cartucho,185.82,"Insumo , 6/4926"
29,6/4926 CARTUCHO ROJO 75x38mm,73000324,,Cartucho,185.82,"Insumo , 6/4926"
29,6/4926 CARTUCHO SIN TINTA 75x38mm,73554,,Cartucho,185.82,"Insumo , 6/4926"
29,6/4926 CARTUCHO VERDE 75x38mm,73000325,,Cartucho,185.82,"Insumo , 6/4926"
29,6/4926/2 CARTUCHO BIC 75x38mm,4593,,Cartucho,308.22,"Insumo , 6/4926/2"
29,6/4927 CARTUCHO AZUL 60x40mm,74182,,Cartucho,169.13,"Insumo , 6/4927"
29,6/4927 CARTUCHO MCI 60x40mm,9627,,Cartucho,169.13,"Insumo , 6/4927"
29,6/4927 CARTUCHO  MORADO 60x40mm,73000329,,Cartucho,169.13,"Insumo , 6/4927"
29,6/4927 CARTUCHO NEGRO 60x40mm,73000326,,Cartucho,169.13,"Insumo , 6/4927"
29,6/4927 CARTUCHO ROJO 60x40mm,73000330,,Cartucho,169.13,"Insumo , 6/4927"
29,6/4927 CARTUCHO SIN TINTA 60x40mm,75577,,Cartucho,169.13,"Insumo , 6/4927"
29,6/4927/2 CARTUCHO BIC 60x40mm,86533,,Cartucho,297.1,"Insumo , 6/4927/2"
29,6/4927/2 CARTUCHO BIC NEGRO/ROJO 60x40mm,44954,,Cartucho,297.1,"Insumo , 6/4927/2"
29,6/4927/2 CARTUCHO BIC SIN TINTA 60x40mm,88548,,Cartucho,297.1,"Insumo , 6/4927/2"
29,6/4928 CARTUCHO MCI 60x33mm,9626,,Cartucho,165.8,"Insumo , 6/4928"
29,6/4928 CARTUCHO NEGRO 60x33mm,80491,,Cartucho,165.8,"Insumo , 6/4928"
29,6/4928 CARTUCHO  ROJO 60x33mm,73000335,,Cartucho,165.8,"Insumo , 6/4928"
29,6/4928 CARTUCHO SIN TINTA 60x33mm,73000336,,Cartucho,165.8,"Insumo , 6/4928"
29,6/4929 CARTUCHO AZUL 50x30mm,4509,,Cartucho,153.58,"Insumo , 6/4929"
29,6/4929 CARTUCHO MCI 50x30mm,6037,,Cartucho,153.55,"Insumo , 6/4929"
29,6/4929 CARTUCHO NEGRO 50x30mm,4592,,Cartucho,153.55,"Insumo , 6/4929"
29,6/4929 CARTUCHO SIN TINTA 50x30mm,5280,,Cartucho,153.55,"Insumo , 6/4929"
29,6/4929 CARTUCHO VERDE 50x30mm,73000342,,Cartucho,153.58,"Insumo , 6/4929"
29,6/4929/2 CARTUCHO  BIC 50x30mm,4508,,Cartucho,269.28,"Insumo , 6/4929/2"
29,6/4929/2 CARTUCHO SIN TINTA 50x30mm,5830,,Cartucho,153.58,"Insumo , 6/4929/2"
29,6/4931 CARTUCHO AZUL 70x30mm,73000344,,Cartucho,190.68,"Insumo , 6/4931"
29,6/4931 CARTUCHO  MCI 70x30mm,34603,,Cartucho,190.68,"Insumo , 6/4931"
29,6/4931 CARTUCHO NEGRA 70x30mm,34605,,Cartucho,190.68,"Insumo , 6/4931"
29,6/4931 CARTUCHO  ROJO 70x30mm,34604,,Cartucho,190.68,"Insumo , 6/4931"
29,6/4931 CARTUCHO SIN TINTA 70x30mm,34602,,Cartucho,190.68,"Insumo , 6/4931"
29,6/4931 CARTUCHO  VERDE 70x30mm,73000346,,Cartucho,190.68,"Insumo , 6/4931"
29,6/4933 CARTUCHO AZUL 25x25mm,65781,,Cartucho,140.84,"Insumo , 6/4933"
29,6/4933 CARTUCHO  NEGRO 25x25mm,73000054,,Cartucho,140.84,"Insumo , 6/4933"
29,6/4933 CARTUCHO  SIN TINTA 25x25mm,65786,,Cartucho,140.86,"Insumo , 6/4933"
29,6/50 CARTUCHO SIN TINTA 41x24mm,78131,,Cartucho,107.93,"Insumo , 6/50"
29,6/50 CARTUCHO  AZUL 41x24mm,62107,,Cartucho,107.93,"Insumo , 6/50"
29,6/50 CARTUCHO  BIC 41x24mm,73000347,,Cartucho,186.94,"Insumo , 6/50"
29,6/50 CARTUCHO MCI 41x24mm,4813,,Cartucho,107.93,"Insumo , 6/50"
29,6/50 CARTUCHO NEGRO 41x24mm,62104,,Cartucho,107.93,"Insumo , 6/50"
29,6/511 CARTUCHO AZUL 85x55mm,35116,,Cartucho,247.05,"Insumo , 6/511"
29,6/511 CARTUCHO MCI 85x55mm,36618,,Cartucho,247.05,"Insumo , 6/511"
29,6/511 CARTUCHO NEGRO 85x55mm,35113,,Cartucho,247.05,"Insumo , 6/511"
29,6/511 CARTUCHO  ROJO  85X55mm,73000349,,Cartucho,247.05,"Insumo , 6/511"
29,6/511/2 CARTUCHO BIC 85X55mm,73000348,,Cartucho,431.72,"Insumo , 6/511/2"
29,6/512 CARTUCHO  AZUL 116x70mm,104309,,Cartucho,466.69,"Insumo , 6/512"
29,6/512 CARTUCHO MCI 116x70mm,104676,,Cartucho,466.69,"Insumo , 6/512"
29,6/52040 CARTUCHO NEGRO 40mm,73000351,,Cartucho,385.02,"Insumo , 6/52040"
29,6/52040 CARTUCHO  SIN TINTA  40mm,58519,,Cartucho,385.02,"Insumo , 6/52040"
29,6/53 CARTUCHO  FIELTRO  49x28mm,65762,,Cartucho,101.61,"Insumo , 6/53"
29,6/53 CARTUCHO MCI 49x28mm,4814,,Cartucho,119.06,"Insumo , 6/53"
29,6/53 CARTUCHO NEGRO 49x28mm,55660,,Cartucho,107.93,"Insumo , 6/53"
29,6/53/2 CARTUCHO BIC 49x28mm,74515,,Cartucho,186.94,"Insumo , 6/53/2"
29,6/53 CARTUCHO AZUL 49x28mm,83485,,Cartucho,107.93,"Insumo , 6/53"
29,6/55 CARTUCHO AZUL 68x24mm,81751,,Cartucho,153.58,"Insumo , 6/55"
29,6/55 CARTUCHO NEGRO 68x24mm,85347,,Cartucho,153.58,"Insumo , 6/55"
29,6/55 CARTUCHO SIN TINTA 68x24mm,81755,,Cartucho,153.58,"Insumo , 6/55"
29,6/56 CARTUCHO AZUL 56x33mm,55605,,Cartucho,129.07,"Insumo , 6/56"
29,6/56 CARTUCHO BIC SIN TINTA 56x33mm,73003,,Cartucho,227,"Insumo , 6/56"
29,6/56 CARTUCHO MCI 56x33mm,4815,,Cartucho,129.04,"Insumo , 6/56"
29,6/56 CARTUCHO NEGRO 56x33mm,55608,,Cartucho,129.04,"Insumo , 6/56"
29,6/56 CARTUCHO SIN TINTA 56x33mm,76575,,Cartucho,129.07,"Insumo , 6/56"
29,6/56 CARTUCHO VERDE 56x33mm,55606,,Cartucho,129.07,"Insumo , 6/56"
29,6/56 CARTUCHO BIC 56x33mm,72809,,Cartucho,227,"Insumo , 6/56/2"
29,6/57 CARTUCHO  AZUL 60x40mm,78049,,Cartucho,164.68,"Insumo , 6/57"
29,6/57 CARTUCHO MCI 60x40mm,4816,,Cartucho,164.68,"Insumo , 6/57"
29,6/57 CARTUCHO BIC 60x40mm,78053,,Cartucho,164.68,"Insumo , 6/57"
29,6/57/2 CARTUCHO BIC SIN TINTA 60x40mm,78484,,Cartucho,164.68,"Insumo , 6/57"
29,6/5756 CARTUCHO  NEGRO PAQ 5 PZAS,86627,,Cartucho,823.42,"Insumo , 6/5756"
29,6/5756 CARTUCHO  ROJO PAQ 5 PZAS,86628,,Cartucho,823.42,"Insumo , 6/5756"
29,6/58 CARTUCHO BIC 68x47mm,74521,,Cartucho,405.04,"Insumo , 6/58"
29,6/58 CARTUCHO AZUL 68x47mm,74517,,Cartucho,232.57,"Insumo , 6/58"
29,6/58 CARTUCHO  FIELTRO  68x47mm,73000135,,Cartucho,232.57,"Insumo , 6/58"
29,6/58 CARTUCHO MCI 68x47mm,4817,,Cartucho,232.57,"Insumo , 6/58"
29,6/58 CARTUCHO NEGRO 68x47mm,74516,,Cartucho,232.57,"Insumo , 6/58"
29,6/58 CARTUCHO ROJO 68x47mm,74518,,Cartucho,232.57,"Insumo , 6/58"
29,6/58 CARTUCHO SIN TINTA 68x47mm,78190,,Cartucho,232.57,"Insumo , 6/58"
29,6/58 CARTUCHO VERDE 68x47mm,74520,,Cartucho,232.57,"Insumo , 6/58"
29,6/8746 CARTUCHO NEGRO 59x38mm,124383,,Cartucho,115.6,"Insumo , 6/8746"
29,6/9411 CARTUCHO  MCI 38x14mm,19985,,Cartucho,106.22,"Insumo , 6/9411"
29,6/9411 CARTUCHO  NEGRO 38x14mm,73000361,,Cartucho,106.22,"Insumo , 6/9411"
29,6/9412 CARTUCHO  AZUL  47x18mm,73000364,,Cartucho,120.29,"Insumo , 6/9412"
29,6/9412 CARTUCHO MCI 47x18mm,19883,,Cartucho,120.29,"Insumo , 6/9412"
29,6/9412 CARTUCHO  NEGRO  47x18mm,73000363,,Cartucho,120.29,"Insumo , 6/9412"
29,6/9413 CARTUCHO  AZUL  58x22mm,73000368,,Cartucho,136.93,"Insumo , 6/9413"
29,6/9413 CARTUCHO MCI 58x22mm,34630,,Cartucho,136.93,"Insumo , 6/9413"
29,6/9413 CARTUCHO  NEGRO  58x22mm,73000367,,Cartucho,136.93,"Insumo , 6/9413"
29,6/9430 CARTUCHO  AZUL  30x30mm,73000374,,Cartucho,134.36,"Insumo , 6/9430"
29,6/9430 CARTUCHO  MCI 30x30mm,20022,,Cartucho,134.36,"Insumo , 6/9430"
29,6/9430 CARTUCHO NEGRO 30x30mm,73000373,,Cartucho,134.36,"Insumo , 6/9430"
29,6/9440 CARTUCHO MCI 40x40mm,73000380,,Cartucho,181.72,"Insumo , 6/9440"
29,6/9440 CARTUCHO NEGRO 40x40mm,73000377,,Cartucho,181.72,"Insumo , 6/9440"
29,6/9511 CARTUCHO AZUL 38x14mm,148851,,Cartucho,106.22,"Insumo , 6/9511"
29,6/9511 CARTUCHO NEGRO 38x14mm,148690,,Cartucho,106.22,"Insumo , 6/9511"
29,6/9511 CARTUCHO ROJO 38x14mm,148852,,Cartucho,106.22,"Insumo , 6/9511"
29,6/9511 CARTUCHO  SIN TINTA 38x14mm,148857,,Cartucho,106.22,"Insumo , 6/9511"
29,6/9511 CARTUCHO VERDE 38x14mm,148855,,Cartucho,106.22,"Insumo , 6/9511"
29,6/9512 CARTUCHO AZUL 47x18mm,148876,,Cartucho,120.29,"Insumo , 6/9512"
29,6/9512 CARTUCHO MCI 47x18mm,149208,,Cartucho,120.29,"Insumo , 6/9512"
29,6/9512 CARTUCHO  MORADO 47x18mm,148879,,Cartucho,120.29,"Insumo , 6/9512"
29,6/9512 CARTUCHO  ROJO 47x18mm,148877,,Cartucho,120.29,"Insumo , 6/9512"
29,6/9512 CARTUCHO  VERDE 47x18mm,148878,,Cartucho,120.29,"Insumo , 6/9512"
29,6/4924 CARTUCHO NEGRO 40x40mm,69806,,Cartucho,161.32,"Insumo , 6/4924"
29,6/4922 CARTUCHO NEGRO 20x20mm,69810,,Cartucho,104.6,"Insumo , 6/4922"
29,7012 TINTA MCI NEGRO 1L,4918,,Tinta,7388.98,"Insumo , 7012"
29,7012 TINTA MCI 1L AZUL,4915,,Tinta,7388.98,"Insumo , 7012"
29,7012 TINTA MCI AMARILLO SEÑALES 28ml,39442,,Tinta,195.23,"Insumo , 7012"
29,7012 TINTA MCI AMARILLO ZINC 28ml,15427,,Tinta,195.23,"Insumo , 7012"
29,7012 TINTA  MCI AZUL LUMINOSO 28ml,39443,,Tinta,195.23,"Insumo , 7012"
29,7012 TINTA MCI AZUL CELESTE 28ml,39445,,Tinta,195.23,"Insumo , 7012"
29,7012 TINTA  MCI GRIS CLARO 28ml,39447,,Tinta,195.23,"Insumo , 7012"
29,7012 TINTA MCI MARRON/ANARANJADO 28ml,15428,,Tinta,195.23,"Insumo , 7012"
29,7012 TINTA MCI NARANJA INTENSO 28ml,31372,,Tinta,195.23,"Insumo , 7012"
29,7012 TINTA MCI PURPURA 28ml,39441,,Tinta,195.23,"Insumo , 7012"
29,7012 TINTA MCI ROJO CARMIN 28ml,39444,,Tinta,195.23,"Insumo , 7012"
29,7012 TINTA MCI VERDE AMARILLENTO 28ml,39446,,Tinta,195.23,"Insumo , 7012"
29,7021 TINTA MORADA 25ml,73000393,,Tinta,359.52,"Insumo , 7021"
29,7021 TINTA AZUL 25ml,73479,,Tinta,359.52,"Insumo , 7021"
29,7021 TINTA ROJO 25ml,73480,,Tinta,359.52,"Insumo , 7021"
29,7021 TINTA VERDE 25ml,73482,,Tinta,359.52,"Insumo , 7021"
29,7021 TINTA  BLANCO 25ml,73481,,Tinta,375.87,"Insumo , 7021"
29,7021 TINTA NEGRO 25ml,73478,,Tinta,375.87,"Insumo , 7021"
29,7711 TINTA IMPRINT  AZUL  24ml,143657,,Imprint,121.21,"Insumo , 7711"
29,7711 TINTA IMPRINT  NEGRO 24ml,143656,,Imprint,121.21,"Insumo , 7711"
29,7750 TINTA TEXTIL NEGRO 28ml,142557,,Tinta,539.43,"Insumo , 7750"
29,6/5756 CARTUCHO NEGRO 10x30mm,73000358,,Cartucho,237.52,"Insumo , 6/5756"
29,HULE LASER CLASSICO 210x297mm-1.5mm,73000395,,Hule,1010.25,"Insumo , Clásico"
29,HULE AERO GRIS PERLA 210x297x5mm,73000034,,Hule,2426.11,"Insumo , Aero"
29,HULE LASER AERO 210x297mm-2.3mm,73000473,,Hule,1268.13,"Insumo , Aero"
29,9071 ALMOHADILLA METAL NEGRO 90X56mm,153585,,Almohadilla,108.78,"Insumo , Imprint , 9071"
29,9072 ALMOHADILLA METAL NEGRO 110x70mm,143661,,Almohadilla,139.86,"Insumo , Imprint , 9072"
29,9073 ALMOHADILLA METAL  NEGRO 125X80mm,143666,,Almohadilla,214.46,"Insumo , Imprint , 9073"
29,9074 ALMOHADILLA METAL  NEGRO 160x90mm,153593,,Almohadilla,307.7,"Insumo , Imprint , 9074"
29,IDEAL IBOOSTER 1kg,99068,,Aditivo,862.97,"Insumo , ADITIVO"
29,9051 ALMOHADILLA AZUL 90x50mm,56332,,Almohadilla,153.96,"Insumo , 9051"
29,9051 ALMOHADILLA FIELTRO 90x50mm,56337,,Almohadilla,153.96,"Insumo , 9051"
29,9051 ALMOHADILLA NEGRO 90x50mm,56335,,Almohadilla,153.96,"Insumo , 9051"
29,9051 ALMOHADILLA ROJO  90x50mm,56334,,Almohadilla,153.96,"Insumo , 9051"
29,9052 ALMOHADILLA AZUL 110x70mm,56344,,Almohadilla,213.28,"Insumo , 9052"
29,9052 ALMOHADILLA MORADA 110x70mm,56348,,Almohadilla,213.28,"Insumo , 9052"
29,9052 ALMOHADILLA NEGRO 110x70mm,56347,,Almohadilla,222.97,"Insumo , 9052"
29,9052 ALMOHADILLA ROJO 110x70mm,56346,,Almohadilla,213.28,"Insumo , 9052"
29,9052 ALMOHADILLA FIELTRO 110x70mm,56349,,Almohadilla,213.28,"Insumo , 9052"
29,9052 ALMOHADILLA VERDE 110x70mm,56345,,Almohadilla,213.28,"Insumo , 9052"
29,9053 ALMOHADILLA AZUL 160x90mm,56360,,Almohadilla,450.81,"Insumo , 9053"
29,9053 ALMOHADILLA MORADA 160x90mm,56364,,Almohadilla,450.81,"Insumo , 9053"
29,9053 ALMOHADILLA NEGRO 160x90mm,56363,,Almohadilla,450.81,"Insumo , 9053"
29,9053 ALMOHADILLA ROJO 160x90mm,56362,,Almohadilla,450.81,"Insumo , 9053"
29,9053 ALMOHADILLA  FIELTRO 160x90mm,56365,,Almohadilla,450.81,"Insumo , 9053"
29,9053 ALMOHADILLA VERDE 160x90mm,56361,,Almohadilla,450.81,"Insumo , 9053"
29,9094 ALMOHADILLA DACTILAR NEGRO 45mm,31119,,Almohadilla,247.81,"Insumo , 9094"
29,5mm de A-M BANDA NUMERADOR,58105,,Insumo,175.92,"Insumo , TRD05AM"
29,DENSIFICADOR TONER IMPRESORA LASER 400ML,9459,,Insumo,3756.39,"Insumo , Densificador"
29,ETIQUETAS DORADAS  250 PZAS,73000053,,Insumo,3800.37,"Insumo , EDTPAQ (250)"
29,PAQUETE (40) ETIQUETAS DORADAS,73000102,,Insumo,608.06,"Insumo , EDTPAQ(40)"
29,IDEAL FOTOPOLIMERO i50R 1kg,90418,,Polimero,1708.99,"Insumo , Ideal , i50R"
29,IDEAL FOTOPOLIMERO i50 PLUS 1kg,90447,,Polimero,1708.99,"Insumo , Ideal , i50 PLUS"
29,IDEAL FOTOPOLIMERO i40 PLUS 1kg,90451,,Polimero,1708.99,"Insumo , Ideal , i40 PLUS"
29,HULE LASER CLASSICO 210x297x2.3mm,34248,,Hule,851.3,"Insumo , Clásico , Hule"
29,IDEAL ILW DETERGENTE LIQUIDO 1kg,99044,,Insumo,1478.44,"Insumo , Ideal , ILW"
29,INSTAPLATE IDEAL AZUL A7 (102x63mm),90313,,Insumo,2061.9,"Insumo , A7"
29,INSTAPLATE IDEAL AZUL A8 (65x48mm),90314,,Insumo,2189.57,"Insumo , A8"
29,INSTAPLATE IDEAL AZUL A9 20pzs (52x37mm),78398,,Insumo,2082.54,"Insumo , A9"
29,PELICULA VELLUM LASER 210X297MM 100PZS,56123,,Insumo,7479.92,"Insumo , Vellum"
29,PELICULA VELLUM TINTA 210X297MM 100PZS,56104,,Insumo,7479.92,"Insumo , Vellum"
29,PORTAPLACA  CAJA 5 PZAS 41mm,70103,,Insumo,1822.41,"Insumo , Portaplaca"
29,PORTAPLACA  CAJA 5 PZAS 51mm,70104,,Insumo,1897.1,"Insumo , Portaplaca"
29,ROLLO DE HULE ESPUMA  30 M x 2.3mm,73000023,,Hule,708,"Insumo , SG0007 , Hule"
29,DESPACHADOR DE PLIOFILM,73000028,,Insumo,2325.93,"Insumo , SG0013"
29,STAMPMAKER 110 V KIT,73000038,,Insumo,12498.21,"Insumo , Stampmaker"
29,1014 SUSTRATO 50 HOJAS 27x35.6cm,95408,,Insumo,6068.44,"Insumo , 1014"
29,95408 SUSTRATO PIEZA 27x35.6cm,73000056,,Insumo,134.85,"Insumo , 95408-18"
29,7011 TINTA AZUL 28ml,55883,,Tinta,242.14,"Insumo , 7011"
29,7011 TINTA MORADA 28ml,55887,,Tinta,242.14,"Insumo , 7011"
29,7011 TINTA NEGRO 28ml,55886,,Tinta,242.14,"Insumo , 7011"
29,7011 TINTA ROJO 28ml,55885,,Tinta,242.14,"Insumo , 7011"
29,7011 TINTA VERDE 28ml,55884,,Tinta,242.14,"Insumo , 7011"
29,3 mm de A-M BANDA NUMERADOR,73000149,,Insumo,78.72,"Insumo , TRD03AM"
29,3 mm de N-Z BANDA NUMERADOR,73000435,,Insumo,78.72,"Insumo , TRD03NZ"
29,4 mm de A-M BANDA NUMERADOR,73000436,,Insumo,87.77,"Insumo , TRD04AM"
29,4 mm de N-Z BANDA NUMERADOR,73000437,,Insumo,87.77,"Insumo , TRD04NZ"
29,5 mm de N-Z BANDA NUMERADOR,73000151,,Insumo,175.92,"Insumo , TRD05NZ"
29,7 mm de A-M BANDA NUMERADOR,73000152,,Insumo,285.89,"Insumo , TRD07AM"
29,7 mm de N-Z BANDA NUMERADOR,73000438,,Insumo,285.89,"Insumo , TRD07NZ"
29,9 mm de N-Z BANDA NUMERADOR,73000440,,Insumo,307.92,"Insumo , TRD09NZ"
29,12 mm de A-M BANDA NUMERADOR,73000442,,Insumo,329.87,"Insumo , TRD12AM"
29,18 mm de A-M BANDA NUMERADOR,73000156,,Insumo,642.72,"Insumo , TRD18AM"
29,18 mm de N-Z BANDA NUMERADOR,73000157,,Insumo,642.72,"Insumo , TRD18NZ"
29,IDEAL CINTA PROTECTORA PLIOFILM 122m30cm,177595,,Insumo,6129.35,"Insumo , Pliofilm"
29,iPXC ADITIVO LIQUIDO 1KG,99070,,Insumo,1843.93,"Insumo , Ideal , iPXC LIQ"
29,iPXC ADITIVO SAL 350G,99069,,Insumo,1843.93,"Insumo , Ideal , iPXC SAL"
29,15128 NUMERADOR MANUAL 12mm 8 BANDAS,3725,,Numerador,2495.23,"Fechador , Classico , 15128"
29,2910 FECHADOR MANUAL P02 51x38mm,73040,,Fechador,715.49,"Fechador , Classico , 2910"
29,2910 FECHADOR MANUAL P07 60x40mm,73065,,Fechador,715.49,"Fechador , Classico , 2910"
29,2910 FECHADOR MANUAL P08 64x45mm,73532,,Fechador,715.49,"Fechador , Classico , 2910"
29,2910 FECHADOR MANUAL P10 70x50mm,73071,,Fechador,715.49,"Fechador , Classico , 2910"
29,2910 FECHADOR MANUAL P20 67x44mm,73534,,Fechador,627.87,"Fechador , Classico , 2910"
29,2910 FECHADOR MANUAL P30 51mm,73535,,Fechador,715.49,"Fechador , Classico , 2910"
29,2910 FECHADOR MANUAL U24 50mm,73537,,Fechador,1543.67,"Fechador , Classico , 2910"
29,46140U24 PRINTY FECH 3.0 ROJO C.N 40mm,73000168,,,1466.32,"Fechador , Printy , 46140U24 , 3"
29,46145 PRINTY FECH 3.0 C.ROJO C.NEG 45mm,58202,,,874.71,"Fechador , Printy , 46145 , 3"
29,46145 PRINTY FECH 3.0 C.ROJO C.BIC 45mm,15992,,,874.71,"Fechador , Printy , 46145 , 3"
29,4724 PRINTY FECH P2 NEGRO C.AZUL 40x40mm,71203,,,914.58,"Fechador , Printy , 4724 , 2"
29,4724 PRINTY FECH MES ING C.N BIC 40x40mm,39263,,,914.58,"Fechador , Printy , 4724 , 2"
29,4724 PRINTY FECH P2 C.NEG C.BIC 40x40mm,178053,,,839.06,"Fechador , Printy , 4724 , 4"
29,4724 PRINTY FECH P2 C.NEG C.NEG 40x40mm,178073,,,839.06,"Fechador , Printy , 4724 , 4"
29,4726 PRINTY FECH P2 C.NEG C.NEG 75x38mm,167595,,,1106.08,"Fechador , Printy , 4726 , 2"
29,4726 PRINTY FECH P2 C.NEG C.BIC 75x38mm,167598,,,1106.08,"Fechador , Printy , 4726 , 2"
29,4727 PRINTY FECH 4.0 C.NEG C.NEG 60x40mm,187999,,,1153.31,"Fechador , Printy , 4727 , 4"
29,4727 PRINTY FECH 4.0 C.NEG C.BIC 60x40mm,188056,,,1153.31,"Fechador , Printy , 4727 , 4"
29,4727 PRINTY FECH 4.0 C.N BIC N/R 60x40mm,188057,,,1153.31,"Fechador , Printy , 4727 , 4"
29,4729 PRINTY FECH 3.0 ROJO C.AZUL 50x30mm,5618,,,984.65,"Fechador , Printy , 4729 , 3"
29,4729 PRINTY FECH 3.0 ROJO C.ROJO 50x30mm,53373,,,984.65,"Fechador , Printy , 4729 , 3"
29,4730 PRINTY FECH 4.0 C.NEG C.BIC 56x33mm,188042,,,1037.69,"Fechador , Printy , 4730 , 4"
29,4730 PRINTY FECH 4.0 C.NEG C.NEG 56x33mm,188005,,,1037.69,"Fechador , Printy , 4730 , 4"
29,4730 PRINTY FECH 4.0 C.N BIC N/R 56x33mm,188040,,,1037.69,"Fechador , Printy , 4730 , 4"
29,4731 PRINTY FECH 3.0 ROJO C.NEG 70x30mm,34496,,,1195.99,"Fechador , Printy , 4731 , 3"
29,4750 PRINTY FECH 4.0 C.NEG C.BIC 41x24mm,141072,,,938.25,"Fechador , Printy , 4750 , 4"
29,4750 PRINTY FECH 4.0 C.NEG C.NEG 41x24mm,141068,,,938.25,"Fechador , Printy , 4750 , 4"
29,4750 PRINTY FECH 2.0 C.NEG C.NEG 41x24mm,59979,,,938.25,"Fechador , Printy , 4750 , 2"
29,4813/PL PRINTY FECH 4.0 C.NEG C.N 26x9mm,81436,,Formulario,578.68,"Fechador , Printy , 4813"
29,4817 PRINTY BD FORMU+FECH 4.0 C.NEG C.N,78689,,Formulario,,"Fechador , Printy , 4817"
29,4817 PRINTY FECH+FORMU 2.0 C.N C.N 3.8mm,80366,,Formulario,698.59,"Fechador , Printy , 4817"
29,4820 PRINTY FECHADOR 4mm,73932,,Fechador,488.79,"Fechador , Printy , 4820"
29,4846 PRINTY NUM 2.0 C.N C.N 6 DIG 4mm,73558,,Numerador,581.5,"Fechador , Printy , 4846"
29,4850/PL PRINTY FECH 4.0 C.NEG C.N 25X5mm,77668,,,642.41,"Fechador , Printy , 4850 , 4"
29,5117 PROF FORMU+FECH 4.0 METAL C.NEG 4mm,131611,,Formulario,3682.76,"Fechador , Professional , 5117"
29,54045 PROF FECH 4.0 METAL C.BIC 45mm,151217,,,2514.05,"Fechador , Professional , 54045 , 4"
29,54045 PROF FECH 4.0 METAL C. NEGRO 45mm,151216,,,2514.04,"Fechador , Professional , 54045 , 4"
29,54110 PROF FECH 3.0 NEGRO C.NEG 85x55mm,35058,,,3809.82,"Fechador , Professional , 54110 , 3"
29,54120 PROF FECH 3.0 NEGRO C.NEG 116x70mm,104111,,,5762.55,"Fechador , Professional , 54120 , 3"
29,5430 PROF 4.0 METAL C.NEGRO 41x24mm,121386,,,1690.68,"Fechador , Professional , 5430 , 4"
29,5431 PROF 4.0 METAL C.NEGRO 41x24mm,130464,,,1839.25,"Fechador , Professional , 5431 , 4"
29,5440 PROF 4.0 METAL C.BIC 49x28mm,131681,,,1917.8,"Fechador , Professional , 5440 , 4"
29,5440 PROF FECH 4.0 METAL C.NEGRO 49x28mm,120487,,,1917.8,"Fechador , Professional , 5440 , 4"
29,5460 PROF 4.0 METAL C.BIC 56x33mm,120389,,,2204.3,"Fechador , Professional , 5460 , 4"
29,5460 PROF FECH 4.0 METAL C.NEG 56x33mm,120363,,,2204.3,"Fechador , Professional , 5460 , 4"
29,5466/PL PROF DOBLE FECH 4.0 MET 56x33mm,120210,,,5526.47,"Fechador , Professional , 5466/PL , 4"
29,5474 PROF FECH 4.0 C.NEGRO C.BIC 60x40mm,141199,,,2323.09,"Fechador , Professional , 5474 , 4"
29,5474 PROF FECH 4.0 NEGRO C.NEGRO 60x40mm,141298,,,2323.09,"Fechador , Professional , 5474 , 4"
29,5480 PROF FECH 4.0 METAL C.NEGRO 68x47mm,141158,,,2861.4,"Fechador , Professional , 5480 , 4"
29,5480 PROF FECH 4.0 METAL C.BIC 68x47mm,141108,,,2861.4,"Fechador , Professional , 5480 , 4"
29,5546 PROF NUM 4.0 METAL C.N 6 BANDAS-4mm,120454,,Numerador,1639.64,"Fechador , Professional , 5546"
29,55460 PROF FECH+NUM 4.0 METAL C.NEG 4mm,146209,,,2682.89,"Fechador , Professional , 55460 , 4"
29,55460/PL PROF FECH+NUM 4.0 MET 56x33mm,145832,,,3025.11,"Fechador , Professional , 55460 , 4"
29,55510 PROF NUM 4.0 METAL C.NEGRO 56x33mm,120202,,,2273.21,"Fechador , Professional , 55510 , 4"
29,55510/PL PROF NUM 4.0 METAL C.NEG56x33mm,120205,,Numerador,2925.73,"Fechador , Professional , 55510/PL"
29,55512 PROF NUM 12 BANDAS 4.0 METAL C.NEG,140274,,Numerador,3396.06,"Fechador , Professional , 55512"
29,5558 PROF NUM 4.0 METAL C. NEGRO 56x33mm,120198,,,2113.06,"Fechador , Professional , 5558 , 4"
29,5558/PL PROF 4.0 METAL C.NEGRO 56x33mm,120204,,,2588.37,"Fechador , Professional , 5558/PL , 4"
29,5756 FOLIADOR AUTO METAL C.NEGRO 5.5mm,86624,,Foliador,4410.94,"Fechador , Classico , 5756 , Foliador"
29,5756 FOLI AUTOMATIC PLASTICO/METAL 5.5mm,86621,,Foliador,3967.35,"Fechador , Classico , 5756 , Foliador"
29,1000 FECHADOR MANUAL 3mm,54110,,Fechador,174.35,"Fechador , Classico , 1000"
29,1004 FECHADOR MANUAL 3mm,54112,,Fechador,170.92,"Fechador , Classico , 1004"
29,1010 FECHADOR MANUAL 4mm,54191,,Fechador,176,"Fechador , Classico , 1010"
29,1010 FECHADOR MANUAL MA 4mm,54178,,Fechador,195.53,"Fechador , Classico , 1010"
29,1014 FECHADOR MANUAL 4mm,54216,,Fechador,195.53,"Fechador , Classico , 1014"
29,1020 FECHADOR MANUAL 5mm,54248,,Fechador,275.21,"Fechador , Classico , 1020"
29,1020 FECHADOR MANUAL ISO 5mm,54236,,Fechador,275.21,"Fechador , Classico , 1020"
29,1020 FECHADOR MANUAL MA 5mm,54241,,Fechador,275.21,"Fechador , Classico , 1020"
29,1030 FECHADOR MANUAL 9mm,56787,,Fechador,622.82,"Fechador , Classico , 1030"
29,1117 FORMULARIO + FECHADOR MANUAL 4mm,54357,,Formulario,466.54,"Fechador , Classico , 1117"
29,46119 PRINTY FECH 3.0 C.ROJO C.NEG 19mm,10839,,Fechador,549.48,"Fechador , Printy , 46119"
29,46125 PRINTY FECH 3.0 C.ROJO C.NEG 25mm,10846,,Fechador,622.76,"Fechador , Printy , 46125"
29,46130 PRINTY FECH 3.0 C.ROJO C.NEG 30mm,90855,,,637.1,"Fechador , Printy , 46130 , 3"
29,46140 PRINTY FECH 3.0 C.ROJO C.NEG 40mm,90862,,,782.61,"Fechador , Printy , 46140 , 3"
29,15124 NUMERADOR MANUAL 12mm 4 BANDAS,3724,,Numerador,1778.46,"Fechador , Classico , 15124"
29,15126 NUMERADOR MANUAL 12mm 6 BANDAS,54995,,Numerador,2000.2,"Fechador , Classico , 15126"
29,151510 NUMERADOR MANUAL 15mm 10 BANDAS,40248,,Numerador,3129.05,"Fechador , Classico , 151510"
29,15154 NUMERADOR MANUAL 15mm 4 BANDAS,3722,,Numerador,1778.46,"Fechador , Classico , 15154"
29,15156 NUMERADOR MANUAL 15mm 6 BANDAS,55020,,Numerador,2000.18,"Fechador , Classico , 15156"
29,15158 NUMERADOR MANUAL 15mm 8 BANDAS,3721,,Numerador,2495.24,"Fechador , Classico , 15158"
29,151810 NUMERADOR MANUAL 18mm 10 BANDAS,3709,,Numerador,3294.86,"Fechador , Classico , 151810"
29,15184 NUMERADOR MANUAL 18mm 4 BANDAS,55037,,Numerador,1937.53,"Fechador , Classico , 15184"
29,15186 NUMERADOR MANUAL 18mm 6 BANDAS,55043,,Numerador,2145.8,"Fechador , Classico , 15186"
29,15188 NUMERADOR MANUAL 18mm 8 BANDAS,3720,,Numerador,2802.96,"Fechador , Classico , 15188"
29,15310 NUMERADOR MANUAL 3mm 10 BANDAS,54814,,Numerador,554.91,"Fechador , Classico , 15310"
29,15312 NUMERADOR MANUAL 3mm 12 BANDAS,54818,,Numerador,702.58,"Fechador , Classico , 15312"
29,15320 NUMERADOR MANUAL 3mm 20 BANDAS,3726,,Numerador,1346.66,"Fechador , Classico , 15320"
29,1534 NUMERADOR MANUAL 3mm 4 BANDAS,54798,,Numerador,250.13,"Fechador , Classico , 1534"
29,1536 NUMERADOR MANUAL 3mm 6 BANDAS,54805,,Numerador,275.78,"Fechador , Classico , 1536"
29,1538 NUMERADOR MANUAL 3mm 8 BANDAS,86109,,Numerador,366.45,"Fechador , Classico , 1538"
29,15410 NUMERADOR MANUAL 4mm 10 BANDAS,54857,,Numerador,586.37,"Fechador , Classico , 15410"
29,15412 NUMERADOR MANUAL 4mm 12 BANDAS,54862,,Numerador,760.67,"Fechador , Classico , 15412"
29,1544 NUMERADOR MANUAL 4mm 4 BANDAS,54835,,Numerador,261.42,"Fechador , Classico , 1544"
29,1546 NUMERADOR MANUAL 4mm 6 BANDAS,54844,,Numerador,281.58,"Fechador , Classico , 1546"
29,1548 NUMERADOR MANUAL 4mm 8 BANDAS,86110,,Numerador,381.97,"Fechador , Classico , 1548"
29,15510 NUMERADOR MANUAL 5mm 10 BANDAS,54900,,Numerador,658.93,"Fechador , Classico , 15510"
29,15512 NUMERADOR MANUAL 5mm 12 BANDAS,54905,,Numerador,842.92,"Fechador , Classico , 15512"
29,15514 NUMERADOR MANUAL 5mm 14 BANDAS,3723,,Numerador,970.43,"Fechador , Classico , 15514"
29,1554 NUMERADOR MANUAL 5mm 4 BANDAS,73000153,,Numerador,288.1,"Fechador , Classico , 1554"
29,1556 NUMERADOR MANUAL 5mm 6 BANDAS,54886,,Numerador,329.09,"Fechador , Classico , 1556"
29,1558 NUMERADOR MANUAL 5mm 8 BANDAS,86111,,Numerador,434.21,"Fechador , Classico , 1558"
29,15710 NUMERADOR MANUAL 7mm 10 BANDAS,95043,,Numerador,1337.1,"Fechador , Classico , 15710"
29,15712 NUMERADOR MANUAL 7mm 12 BANDAS,54947,,Numerador,1546.07,"Fechador , Classico , 15712"
29,1574 NUMERADOR MANUAL 8mm 4 BANDAS,54928,,Numerador,610.91,"Fechador , Classico , 1574"
29,1576 NUMERADOR MANUAL 7mm 6 BANDAS,54936,,Numerador,676.72,"Fechador , Classico , 1576"
29,1578 NUMERADOR MANUAL 7mm 8 BANDAS,86112,,Numerador,892.7,"Fechador , Classico , 1578"
29,15910 NUMERADOR MANUAL 9mm 10 BANDAS,54975,,Numerador,1386.51,"Fechador , Classico , 15910"
29,15912 NUMERADOR MANUAL 9mm 12 BANDAS,54979,,Numerador,1693.69,"Fechador , Classico , 15912"
29,1594 NUMERADOR MANUAL 9mm 4 BANDAS,54958,,Numerador,620.01,"Fechador , Classico , 1594"
29,1596 NUMERADOR MANUAL 9mm 6 BANDAS,54966,,Numerador,696.77,"Fechador , Classico , 1596"
29,1598 NUMERADOR MANUAL 9mm 8 BANDAS,86113,,Numerador,932.45,"Fechador , Classico , 1598"
29,46130 PRINTY FECH 3.0 C.ROJO C.BIC 30mm,55939,,,666.05,"Fechador , Printy , 46130 , 3"
29,46140 PRINTY FECH 3.0 C.ROJO C. BIC 40mm,55936,,,782.61,"Fechador , Printy , 46140 , 3"
29,4729 PRINTY FECH 3.0 ROJO C.NEG 50x30mm,3599,,,984.64,"Fechador , Printy , 4729 , 3"
29,4729 PRINTY FECH 3.0 C.R BIC N/R 50x30mm,146508,,,984.65,"Fechador , Printy , 4729 , 3"
29,4729 PRINTY FECH 3.0 ROJO C.BIC 50x30mm,15198,,,984.65,"Fechador , Printy , 4729 , 3"
29,4731 PRINTY FECH 3.0 ROJO C.BIC 70x30mm,55938,,,1195.99,"Fechador , Printy , 4731 , 3"
29,4810 PRINTY MINI FECH 4.0 C.N C.N 3.8mm,70382,,Fechador,384.49,"Fechador , Printy , 4810"
29,48313 PRINTY NUM 2.0 C.N C.N 13DIG 3.8mm,86548,,Numerador,818.99,"Fechador , Printy , 48313"
29,4836 PRINTY NUM 2.0 C.N C.N 6 DIG 3.8mm,86547,,Numerador,343.9,"Fechador , Printy , 4836"
29,4724 PRINTY FECHADOR D/M/A C.NEGRO 2.0,92186,,,914.58,"Fechador , Printy , 4724 , 2"
29,54140 PROF FECH 3.0 NEGRO C. NEGRO 40mm,56927,,,2453.98,"Fechador , Professional , 54140 , 3"
29,5465 PROF TYPO FECH 4.0 M C.BIC 56x33mm,73000186,,,3063.41,"DIY , Professional , 5465 , 4"
29,4727 PRINTY TYPO 3.0 AZUL C.BIC 60x40mm,58269,,,2697.21,"DIY , Printy , 4727 , 3"
29,4929 PRINTY TYPO 3.0 AZUL C.NEG 50x30mm,43714,,,971.54,"DIY , Printy , 4929 , 3"
29,6003 TYPO CARACTERES 3mm,2614,,Insumo,626.69,"DIY , 6003"
29,6004 TYPO CARACTERES 4mm,2579,,Insumo,626.69,"DIY , 6004"
29,4927 PRINTY TYPO 3.0 AZUL C.N 60x40mm,43636,,,1525.09,"DIY , Printy , 4927 , 3"
29,4928 PRINTY TYPO 3.0 AZUL C.NEG 60x33mm,44099,,,985.68,"DIY , Printy , 4928 , 3"
29,4931 PRINTY TYPO 3.0 AZUL C.NEG 70x30mm,35032,,,1554.58,"DIY , Printy , 4931 , 3"
29,4911 PRINTY TYPO 4.0 AZUL C.NEG 38x14mm,43196,,,907.97,"DIY , Printy , 4911 , 4"
29,4911 PRINTY TYPO TEX 4.0 C.R C.N 38x14mm,43228,,,1044.4,"DIY , Printy , 4911 , 4"
29,4912 PRINTY TYPO 4.0 AZUL C.NEG 47x18mm,43197,,,1074.68,"DIY , Printy , 4912 , 4"
29,4913 PRINTY TYPO 4.0 AZUL C.NEG 58x22mm,43198,,,1355.16,"DIY , Printy , 4913 , 4"
29,5435 PROF TYPO 4.0 METAL 5 BANDAS41x24mm,122356,,,2979.81,"DIY , Professional , 5435 , 4"
29,7012 TINTA MCI ROSA INTENSO 28ml,159975,,Tinta,,"Insumo , 7012"
29,9054 ALMOHADILLA NEGRA 210x148mm,151782,,Insumo,,"Insumo , 9054"
